unsigned char const miktex_config_ini[] = {
  0x5b, 0x47, 0x65, 0x6e, 0x65, 0x72, 0x61, 0x6c,
  0x5d, 0x0a, 0x0a, 0x09, 0x3b, 0x3b, 0x20, 0x54,
  0x68, 0x69, 0x73, 0x20, 0x76, 0x61, 0x72, 0x69,
  0x61, 0x62, 0x6c, 0x65, 0x20, 0x73, 0x70, 0x65,
  0x63, 0x69, 0x66, 0x69, 0x65, 0x73, 0x20, 0x74,
  0x68, 0x65, 0x20, 0x65, 0x78, 0x74, 0x65, 0x72,
  0x6e, 0x61, 0x6c, 0x20, 0x70, 0x72, 0x6f, 0x67,
  0x72, 0x61, 0x6d, 0x20, 0x63, 0x61, 0x6c, 0x6c,
  0x65, 0x64, 0x20, 0x66, 0x6f, 0x72, 0x0a, 0x09,
  0x3b, 0x3b, 0x20, 0x54, 0x65, 0x58, 0x27, 0x73,
  0x20, 0x69, 0x6e, 0x74, 0x65, 0x72, 0x61, 0x63,
  0x74, 0x69, 0x76, 0x65, 0x20, 0x60, 0x65, 0x27,
  0x20, 0x6f, 0x70, 0x74, 0x69, 0x6f, 0x6e, 0x2e,
  0x20, 0x20, 0x25, 0x6c, 0x20, 0x69, 0x73, 0x20,
  0x72, 0x65, 0x70, 0x6c, 0x61, 0x63, 0x65, 0x64,
  0x20, 0x62, 0x79, 0x20, 0x74, 0x68, 0x65, 0x20,
  0x6c, 0x69, 0x6e, 0x65, 0x0a, 0x09, 0x3b, 0x3b,
  0x20, 0x6e, 0x75, 0x6d, 0x62, 0x65, 0x72, 0x20,
  0x61, 0x6e, 0x64, 0x20, 0x25, 0x66, 0x20, 0x62,
  0x79, 0x20, 0x74, 0x68, 0x65, 0x20, 0x63, 0x75,
  0x72, 0x72, 0x65, 0x6e, 0x74, 0x20, 0x66, 0x69,
  0x6c, 0x65, 0x20, 0x6e, 0x61, 0x6d, 0x65, 0x2e,
  0x0a, 0x09, 0x3b, 0x3b, 0x20, 0x49, 0x66, 0x20,
  0x6c, 0x65, 0x66, 0x74, 0x20, 0x75, 0x6e, 0x73,
  0x70, 0x65, 0x63, 0x69, 0x66, 0x69, 0x65, 0x64,
  0x2c, 0x20, 0x41, 0x20, 0x70, 0x6c, 0x61, 0x74,
  0x66, 0x6f, 0x72, 0x6d, 0x20, 0x64, 0x65, 0x70,
  0x65, 0x6e, 0x64, 0x65, 0x6e, 0x74, 0x20, 0x76,
  0x61, 0x6c, 0x75, 0x65, 0x20, 0x69, 0x73, 0x20,
  0x63, 0x68, 0x6f, 0x73, 0x65, 0x6e, 0x2e, 0x0a,
  0x09, 0x3b, 0x45, 0x64, 0x69, 0x74, 0x6f, 0x72,
  0x20, 0x3d, 0x20, 0x6d, 0x69, 0x6b, 0x74, 0x65,
  0x78, 0x2d, 0x74, 0x65, 0x78, 0x77, 0x6f, 0x72,
  0x6b, 0x73, 0x20, 0x2d, 0x70, 0x3d, 0x25, 0x6c,
  0x20, 0x22, 0x25, 0x66, 0x22, 0x0a, 0x0a, 0x09,
  0x3b, 0x3b, 0x20, 0x44, 0x65, 0x70, 0x72, 0x65,
  0x63, 0x61, 0x74, 0x65, 0x64, 0x2e, 0x0a, 0x09,
  0x3b, 0x47, 0x55, 0x49, 0x46, 0x72, 0x61, 0x6d,
  0x65, 0x77, 0x6f, 0x72, 0x6b, 0x20, 0x3d, 0x20,
  0x31, 0x0a, 0x0a, 0x09, 0x3b, 0x3b, 0x20, 0x44,
  0x65, 0x70, 0x72, 0x65, 0x63, 0x61, 0x74, 0x65,
  0x64, 0x2e, 0x0a, 0x09, 0x3b, 0x55, 0x73, 0x65,
  0x72, 0x49, 0x6e, 0x66, 0x6f, 0x46, 0x69, 0x6c,
  0x65, 0x20, 0x3d, 0x20, 0x0a, 0x0a, 0x5b, 0x43,
  0x6f, 0x72, 0x65, 0x5d, 0x0a, 0x0a, 0x09, 0x3b,
  0x3b, 0x20, 0x53, 0x68, 0x65, 0x6c, 0x6c, 0x20,
  0x63, 0x6f, 0x6d, 0x6d, 0x61, 0x6e, 0x64, 0x20,
  0x6d, 0x6f, 0x64, 0x65, 0x2e, 0x0a, 0x09, 0x3b,
  0x3b, 0x20, 0x20, 0x20, 0x46, 0x6f, 0x72, 0x62,
  0x69, 0x64, 0x64, 0x65, 0x6e, 0x3a, 0x20, 0x64,
  0x6f, 0x6e, 0x27, 0x74, 0x20, 0x61, 0x6c, 0x6c,
  0x6f, 0x77, 0x20, 0x61, 0x6e, 0x79, 0x20, 0x73,
  0x68, 0x65, 0x6c, 0x6c, 0x20, 0x63, 0x6f, 0x6d,
  0x6d, 0x61, 0x6e, 0x64, 0x73, 0x0a, 0x09, 0x3b,
  0x3b, 0x20, 0x20, 0x20, 0x52, 0x65, 0x73, 0x74,
  0x72, 0x69, 0x63, 0x74, 0x65, 0x64, 0x3a, 0x20,
  0x61, 0x6c, 0x6c, 0x6f, 0x77, 0x20, 0x74, 0x68,
  0x65, 0x20, 0x63, 0x6f, 0x6d, 0x6d, 0x61, 0x6e,
  0x64, 0x73, 0x20, 0x6c, 0x69, 0x73, 0x74, 0x65,
  0x64, 0x20, 0x69, 0x6e, 0x20, 0x41, 0x6c, 0x6c,
  0x6f, 0x77, 0x65, 0x64, 0x53, 0x68, 0x65, 0x6c,
  0x6c, 0x43, 0x6f, 0x6d, 0x6d, 0x61, 0x6e, 0x64,
  0x73, 0x5b, 0x5d, 0x0a, 0x09, 0x3b, 0x3b, 0x20,
  0x20, 0x20, 0x55, 0x6e, 0x72, 0x65, 0x73, 0x74,
  0x72, 0x69, 0x63, 0x74, 0x65, 0x64, 0x3a, 0x20,
  0x61, 0x6c, 0x6c, 0x6f, 0x77, 0x20, 0x61, 0x6c,
  0x6c, 0x20, 0x73, 0x68, 0x65, 0x6c, 0x6c, 0x20,
  0x63, 0x6f, 0x6d, 0x6d, 0x61, 0x6e, 0x64, 0x73,
  0x0a, 0x09, 0x53, 0x68, 0x65, 0x6c, 0x6c, 0x43,
  0x6f, 0x6d, 0x6d, 0x61, 0x6e, 0x64, 0x4d, 0x6f,
  0x64, 0x65, 0x20, 0x3d, 0x20, 0x52, 0x65, 0x73,
  0x74, 0x72, 0x69, 0x63, 0x74, 0x65, 0x64, 0x0a,
  0x0a, 0x09, 0x3b, 0x3b, 0x20, 0x54, 0x68, 0x65,
  0x20, 0x70, 0x72, 0x6f, 0x67, 0x72, 0x61, 0x6d,
  0x73, 0x20, 0x6c, 0x69, 0x73, 0x74, 0x65, 0x64,
  0x20, 0x68, 0x65, 0x72, 0x65, 0x20, 0x61, 0x72,
  0x65, 0x20, 0x70, 0x72, 0x6f, 0x62, 0x61, 0x62,
  0x6c, 0x79, 0x20, 0x73, 0x61, 0x66, 0x65, 0x3a,
  0x20, 0x74, 0x68, 0x65, 0x79, 0x20, 0x65, 0x69,
  0x74, 0x68, 0x65, 0x72, 0x20, 0x64, 0x6f, 0x0a,
  0x09, 0x3b, 0x3b, 0x20, 0x6e, 0x6f, 0x74, 0x20,
  0x77, 0x72, 0x69, 0x74, 0x65, 0x20, 0x61, 0x6e,
  0x79, 0x20, 0x6f, 0x75, 0x74, 0x70, 0x75, 0x74,
  0x20, 0x66, 0x69, 0x6c, 0x65, 0x73, 0x20, 0x6f,
  0x72, 0x20, 0x69, 0x6d, 0x70, 0x6c, 0x65, 0x6d,
  0x65, 0x6e, 0x74, 0x20, 0x72, 0x65, 0x73, 0x74,
  0x72, 0x69, 0x63, 0x74, 0x69, 0x6f, 0x6e, 0x73,
  0x0a, 0x09, 0x3b, 0x3b, 0x20, 0x73, 0x69, 0x6d,
  0x69, 0x6c, 0x61, 0x72, 0x20, 0x74, 0x6f, 0x20,
  0x6f, 0x72, 0x20, 0x68, 0x69, 0x67, 0x68, 0x65,
  0x72, 0x20, 0x74, 0x68, 0x61, 0x6e, 0x0a, 0x09,
  0x3b, 0x3b, 0x20, 0x5b, 0x43, 0x6f, 0x72, 0x65,
  0x5d, 0x41, 0x6c, 0x6c, 0x6f, 0x77, 0x55, 0x6e,
  0x73, 0x61, 0x66, 0x65, 0x4f, 0x75, 0x74, 0x70,
  0x75, 0x74, 0x46, 0x69, 0x6c, 0x65, 0x73, 0x3d,
  0x74, 0x72, 0x75, 0x65, 0x2e, 0x0a, 0x09, 0x3b,
  0x3b, 0x20, 0x54, 0x68, 0x65, 0x79, 0x20, 0x61,
  0x6c, 0x73, 0x6f, 0x20, 0x68, 0x61, 0x76, 0x65,
  0x20, 0x6e, 0x6f, 0x20, 0x66, 0x65, 0x61, 0x74,
  0x75, 0x72, 0x65, 0x73, 0x20, 0x74, 0x6f, 0x20,
  0x69, 0x6e, 0x76, 0x6f, 0x6b, 0x65, 0x20, 0x61,
  0x72, 0x62, 0x69, 0x74, 0x72, 0x61, 0x72, 0x79,
  0x20, 0x6f, 0x74, 0x68, 0x65, 0x72, 0x0a, 0x09,
  0x3b, 0x3b, 0x20, 0x70, 0x72, 0x6f, 0x67, 0x72,
  0x61, 0x6d, 0x73, 0x2c, 0x20, 0x61, 0x6e, 0x64,
  0x20, 0x6e, 0x6f, 0x20, 0x6b, 0x6e, 0x6f, 0x77,
  0x6e, 0x20, 0x65, 0x78, 0x70, 0x6c, 0x6f, 0x69,
  0x74, 0x61, 0x62, 0x6c, 0x65, 0x20, 0x62, 0x75,
  0x67, 0x73, 0x2e, 0x20, 0x20, 0x41, 0x6c, 0x6c,
  0x20, 0x74, 0x6f, 0x20, 0x74, 0x68, 0x65, 0x20,
  0x62, 0x65, 0x73, 0x74, 0x0a, 0x09, 0x3b, 0x3b,
  0x20, 0x6f, 0x66, 0x20, 0x6f, 0x75, 0x72, 0x20,
  0x6b, 0x6e, 0x6f, 0x77, 0x6c, 0x65, 0x64, 0x67,
  0x65, 0x2e, 0x20, 0x20, 0x54, 0x68, 0x65, 0x79,
  0x20, 0x61, 0x6c, 0x73, 0x6f, 0x20, 0x68, 0x61,
  0x76, 0x65, 0x20, 0x70, 0x72, 0x61, 0x63, 0x74,
  0x69, 0x63, 0x61, 0x6c, 0x20, 0x75, 0x73, 0x65,
  0x20, 0x66, 0x6f, 0x72, 0x20, 0x62, 0x65, 0x69,
  0x6e, 0x67, 0x0a, 0x09, 0x3b, 0x3b, 0x20, 0x63,
  0x61, 0x6c, 0x6c, 0x65, 0x64, 0x20, 0x66, 0x72,
  0x6f, 0x6d, 0x20, 0x54, 0x65, 0x58, 0x2e, 0x0a,
  0x09, 0x41, 0x6c, 0x6c, 0x6f, 0x77, 0x65, 0x64,
  0x53, 0x68, 0x65, 0x6c, 0x6c, 0x43, 0x6f, 0x6d,
  0x6d, 0x61, 0x6e, 0x64, 0x73, 0x5b, 0x5d, 0x20,
  0x3d, 0x20, 0x6d, 0x69, 0x6b, 0x74, 0x65, 0x78,
  0x2d, 0x62, 0x69, 0x62, 0x74, 0x65, 0x78, 0x0a,
  0x09, 0x41, 0x6c, 0x6c, 0x6f, 0x77, 0x65, 0x64,
  0x53, 0x68, 0x65, 0x6c, 0x6c, 0x43, 0x6f, 0x6d,
  0x6d, 0x61, 0x6e, 0x64, 0x73, 0x5b, 0x5d, 0x20,
  0x3d, 0x20, 0x6d, 0x69, 0x6b, 0x74, 0x65, 0x78,
  0x2d, 0x62, 0x69, 0x62, 0x74, 0x65, 0x78, 0x38,
  0x0a, 0x09, 0x41, 0x6c, 0x6c, 0x6f, 0x77, 0x65,
  0x64, 0x53, 0x68, 0x65, 0x6c, 0x6c, 0x43, 0x6f,
  0x6d, 0x6d, 0x61, 0x6e, 0x64, 0x73, 0x5b, 0x5d,
  0x20, 0x3d, 0x20, 0x6d, 0x69, 0x6b, 0x74, 0x65,
  0x78, 0x2d, 0x65, 0x70, 0x73, 0x74, 0x6f, 0x70,
  0x64, 0x66, 0x0a, 0x09, 0x41, 0x6c, 0x6c, 0x6f,
  0x77, 0x65, 0x64, 0x53, 0x68, 0x65, 0x6c, 0x6c,
  0x43, 0x6f, 0x6d, 0x6d, 0x61, 0x6e, 0x64, 0x73,
  0x5b, 0x5d, 0x20, 0x3d, 0x20, 0x6d, 0x69, 0x6b,
  0x74, 0x65, 0x78, 0x2d, 0x67, 0x72, 0x65, 0x67,
  0x6f, 0x72, 0x69, 0x6f, 0x0a, 0x09, 0x41, 0x6c,
  0x6c, 0x6f, 0x77, 0x65, 0x64, 0x53, 0x68, 0x65,
  0x6c, 0x6c, 0x43, 0x6f, 0x6d, 0x6d, 0x61, 0x6e,
  0x64, 0x73, 0x5b, 0x5d, 0x20, 0x3d, 0x20, 0x6d,
  0x69, 0x6b, 0x74, 0x65, 0x78, 0x2d, 0x6b, 0x70,
  0x73, 0x65, 0x77, 0x68, 0x69, 0x63, 0x68, 0x0a,
  0x09, 0x41, 0x6c, 0x6c, 0x6f, 0x77, 0x65, 0x64,
  0x53, 0x68, 0x65, 0x6c, 0x6c, 0x43, 0x6f, 0x6d,
  0x6d, 0x61, 0x6e, 0x64, 0x73, 0x5b, 0x5d, 0x20,
  0x3d, 0x20, 0x6d, 0x69, 0x6b, 0x74, 0x65, 0x78,
  0x2d, 0x6d, 0x61, 0x6b, 0x65, 0x69, 0x6e, 0x64,
  0x65, 0x78, 0x0a, 0x09, 0x41, 0x6c, 0x6c, 0x6f,
  0x77, 0x65, 0x64, 0x53, 0x68, 0x65, 0x6c, 0x6c,
  0x43, 0x6f, 0x6d, 0x6d, 0x61, 0x6e, 0x64, 0x73,
  0x5b, 0x5d, 0x20, 0x3d, 0x20, 0x62, 0x69, 0x62,
  0x74, 0x65, 0x78, 0x0a, 0x09, 0x41, 0x6c, 0x6c,
  0x6f, 0x77, 0x65, 0x64, 0x53, 0x68, 0x65, 0x6c,
  0x6c, 0x43, 0x6f, 0x6d, 0x6d, 0x61, 0x6e, 0x64,
  0x73, 0x5b, 0x5d, 0x20, 0x3d, 0x20, 0x62, 0x69,
  0x62, 0x74, 0x65, 0x78, 0x38, 0x0a, 0x09, 0x41,
  0x6c, 0x6c, 0x6f, 0x77, 0x65, 0x64, 0x53, 0x68,
  0x65, 0x6c, 0x6c, 0x43, 0x6f, 0x6d, 0x6d, 0x61,
  0x6e, 0x64, 0x73, 0x5b, 0x5d, 0x20, 0x3d, 0x20,
  0x65, 0x78, 0x74, 0x72, 0x61, 0x63, 0x74, 0x62,
  0x62, 0x0a, 0x09, 0x41, 0x6c, 0x6c, 0x6f, 0x77,
  0x65, 0x64, 0x53, 0x68, 0x65, 0x6c, 0x6c, 0x43,
  0x6f, 0x6d, 0x6d, 0x61, 0x6e, 0x64, 0x73, 0x5b,
  0x5d, 0x20, 0x3d, 0x20, 0x66, 0x69, 0x6e, 0x64,
  0x74, 0x65, 0x78, 0x6d, 0x66, 0x0a, 0x09, 0x41,
  0x6c, 0x6c, 0x6f, 0x77, 0x65, 0x64, 0x53, 0x68,
  0x65, 0x6c, 0x6c, 0x43, 0x6f, 0x6d, 0x6d, 0x61,
  0x6e, 0x64, 0x73, 0x5b, 0x5d, 0x20, 0x3d, 0x20,
  0x67, 0x72, 0x65, 0x67, 0x6f, 0x72, 0x69, 0x6f,
  0x0a, 0x09, 0x41, 0x6c, 0x6c, 0x6f, 0x77, 0x65,
  0x64, 0x53, 0x68, 0x65, 0x6c, 0x6c, 0x43, 0x6f,
  0x6d, 0x6d, 0x61, 0x6e, 0x64, 0x73, 0x5b, 0x5d,
  0x20, 0x3d, 0x20, 0x6b, 0x70, 0x73, 0x65, 0x77,
  0x68, 0x69, 0x63, 0x68, 0x0a, 0x09, 0x41, 0x6c,
  0x6c, 0x6f, 0x77, 0x65, 0x64, 0x53, 0x68, 0x65,
  0x6c, 0x6c, 0x43, 0x6f, 0x6d, 0x6d, 0x61, 0x6e,
  0x64, 0x73, 0x5b, 0x5d, 0x20, 0x3d, 0x20, 0x6c,
  0x33, 0x73, 0x79, 0x73, 0x2d, 0x71, 0x75, 0x65,
  0x72, 0x79, 0x0a, 0x09, 0x41, 0x6c, 0x6c, 0x6f,
  0x77, 0x65, 0x64, 0x53, 0x68, 0x65, 0x6c, 0x6c,
  0x43, 0x6f, 0x6d, 0x6d, 0x61, 0x6e, 0x64, 0x73,
  0x5b, 0x5d, 0x20, 0x3d, 0x20, 0x6d, 0x61, 0x6b,
  0x65, 0x69, 0x6e, 0x64, 0x65, 0x78, 0x0a, 0x09,
  0x41, 0x6c, 0x6c, 0x6f, 0x77, 0x65, 0x64, 0x53,
  0x68, 0x65, 0x6c, 0x6c, 0x43, 0x6f, 0x6d, 0x6d,
  0x61, 0x6e, 0x64, 0x73, 0x5b, 0x5d, 0x20, 0x3d,
  0x20, 0x6d, 0x65, 0x6d, 0x6f, 0x69, 0x7a, 0x65,
  0x2d, 0x65, 0x78, 0x74, 0x72, 0x61, 0x63, 0x74,
  0x2e, 0x70, 0x6c, 0x0a, 0x09, 0x41, 0x6c, 0x6c,
  0x6f, 0x77, 0x65, 0x64, 0x53, 0x68, 0x65, 0x6c,
  0x6c, 0x43, 0x6f, 0x6d, 0x6d, 0x61, 0x6e, 0x64,
  0x73, 0x5b, 0x5d, 0x20, 0x3d, 0x20, 0x6d, 0x65,
  0x6d, 0x6f, 0x69, 0x7a, 0x65, 0x2d, 0x65, 0x78,
  0x74, 0x72, 0x61, 0x63, 0x74, 0x2e, 0x70, 0x79,
  0x0a, 0x09, 0x41, 0x6c, 0x6c, 0x6f, 0x77, 0x65,
  0x64, 0x53, 0x68, 0x65, 0x6c, 0x6c, 0x43, 0x6f,
  0x6d, 0x6d, 0x61, 0x6e, 0x64, 0x73, 0x5b, 0x5d,
  0x20, 0x3d, 0x20, 0x74, 0x65, 0x78, 0x6f, 0x73,
  0x71, 0x75, 0x65, 0x72, 0x79, 0x2d, 0x6a, 0x72,
  0x65, 0x38, 0x0a, 0x0a, 0x09, 0x3b, 0x3b, 0x20,
  0x44, 0x6f, 0x20, 0x77, 0x65, 0x20, 0x61, 0x6c,
  0x6c, 0x6f, 0x77, 0x20, 0x75, 0x6e, 0x72, 0x65,
  0x73, 0x74, 0x72, 0x69, 0x63, 0x74, 0x65, 0x64,
  0x20, 0x73, 0x68, 0x65, 0x6c, 0x6c, 0x20, 0x63,
  0x6f, 0x6d, 0x6d, 0x61, 0x6e, 0x64, 0x20, 0x65,
  0x78, 0x65, 0x63, 0x75, 0x74, 0x69, 0x6f, 0x6e,
  0x20, 0x77, 0x68, 0x65, 0x6e, 0x20, 0x72, 0x75,
  0x6e, 0x6e, 0x69, 0x6e, 0x67, 0x0a, 0x09, 0x3b,
  0x3b, 0x20, 0x77, 0x69, 0x74, 0x68, 0x20, 0x65,
  0x6c, 0x65, 0x76, 0x61, 0x74, 0x65, 0x64, 0x20,
  0x70, 0x72, 0x69, 0x76, 0x69, 0x6c, 0x65, 0x67,
  0x65, 0x73, 0x2e, 0x0a, 0x09, 0x41, 0x6c, 0x6c,
  0x6f, 0x77, 0x55, 0x6e, 0x72, 0x65, 0x73, 0x74,
  0x72, 0x69, 0x63, 0x74, 0x65, 0x64, 0x53, 0x75,
  0x70, 0x65, 0x72, 0x55, 0x73, 0x65, 0x72, 0x20,
  0x3d, 0x20, 0x74, 0x72, 0x75, 0x65, 0x0a, 0x0a,
  0x09, 0x3b, 0x3b, 0x20, 0x44, 0x6f, 0x20, 0x77,
  0x65, 0x20, 0x61, 0x6c, 0x6c, 0x6f, 0x77, 0x20,
  0x54, 0x65, 0x58, 0x20, 0x5c, 0x69, 0x6e, 0x70,
  0x75, 0x74, 0x20, 0x6f, 0x72, 0x20, 0x5c, 0x6f,
  0x70, 0x65, 0x6e, 0x69, 0x6e, 0x20, 0x6f, 0x6e,
  0x20, 0x66, 0x69, 0x6c, 0x65, 0x20, 0x6e, 0x61,
  0x6d, 0x65, 0x73, 0x20, 0x73, 0x74, 0x61, 0x72,
  0x74, 0x69, 0x6e, 0x67, 0x0a, 0x09, 0x3b, 0x3b,
  0x20, 0x77, 0x69, 0x74, 0x68, 0x20, 0x60, 0x2e,
  0x27, 0x20, 0x28, 0x65, 0x2e, 0x67, 0x2e, 0x2c,
  0x20, 0x2e, 0x72, 0x68, 0x6f, 0x73, 0x74, 0x73,
  0x29, 0x20, 0x6f, 0x72, 0x20, 0x6f, 0x75, 0x74,
  0x73, 0x69, 0x64, 0x65, 0x20, 0x74, 0x68, 0x65,
  0x20, 0x63, 0x75, 0x72, 0x72, 0x65, 0x6e, 0x74,
  0x20, 0x74, 0x72, 0x65, 0x65, 0x20, 0x28, 0x65,
  0x2e, 0x67, 0x2e, 0x2c, 0x0a, 0x09, 0x3b, 0x3b,
  0x20, 0x2f, 0x65, 0x74, 0x63, 0x2f, 0x70, 0x61,
  0x73, 0x73, 0x77, 0x64, 0x29, 0x3f, 0x0a, 0x09,
  0x41, 0x6c, 0x6c, 0x6f, 0x77, 0x55, 0x6e, 0x73,
  0x61, 0x66, 0x65, 0x49, 0x6e, 0x70, 0x75, 0x74,
  0x46, 0x69, 0x6c, 0x65, 0x73, 0x20, 0x3d, 0x20,
  0x74, 0x72, 0x75, 0x65, 0x0a, 0x0a, 0x09, 0x3b,
  0x3b, 0x20, 0x44, 0x6f, 0x20, 0x77, 0x65, 0x20,
  0x61, 0x6c, 0x6c, 0x6f, 0x77, 0x20, 0x54, 0x65,
  0x58, 0x20, 0x5c, 0x6f, 0x70, 0x65, 0x6e, 0x6f,
  0x75, 0x74, 0x20, 0x6f, 0x6e, 0x20, 0x66, 0x69,
  0x6c, 0x65, 0x20, 0x6e, 0x61, 0x6d, 0x65, 0x73,
  0x20, 0x73, 0x74, 0x61, 0x72, 0x74, 0x69, 0x6e,
  0x67, 0x20, 0x77, 0x69, 0x74, 0x68, 0x20, 0x60,
  0x2e, 0x27, 0x0a, 0x09, 0x3b, 0x3b, 0x20, 0x28,
  0x65, 0x2e, 0x67, 0x2e, 0x2c, 0x20, 0x2e, 0x72,
  0x68, 0x6f, 0x73, 0x74, 0x73, 0x29, 0x20, 0x6f,
  0x72, 0x20, 0x6f, 0x75, 0x74, 0x73, 0x69, 0x64,
  0x65, 0x20, 0x74, 0x68, 0x65, 0x20, 0x63, 0x75,
  0x72, 0x72, 0x65, 0x6e, 0x74, 0x20, 0x74, 0x72,
  0x65, 0x65, 0x20, 0x28, 0x65, 0x2e, 0x67, 0x2e,
  0x2c, 0x0a, 0x09, 0x3b, 0x3b, 0x20, 0x2f, 0x65,
  0x74, 0x63, 0x2f, 0x70, 0x61, 0x73, 0x73, 0x77,
  0x64, 0x29, 0x3f, 0x0a, 0x09, 0x41, 0x6c, 0x6c,
  0x6f, 0x77, 0x55, 0x6e, 0x73, 0x61, 0x66, 0x65,
  0x4f, 0x75, 0x74, 0x70, 0x75, 0x74, 0x46, 0x69,
  0x6c, 0x65, 0x73, 0x20, 0x3d, 0x20, 0x66, 0x61,
  0x6c, 0x73, 0x65, 0x0a, 0x0a, 0x09, 0x3b, 0x3b,
  0x20, 0x41, 0x75, 0x74, 0x6f, 0x6d, 0x61, 0x74,
  0x69, 0x63, 0x61, 0x6c, 0x6c, 0x79, 0x20, 0x74,
  0x75, 0x72, 0x6e, 0x20, 0x6f, 0x6e, 0x20, 0x61,
  0x64, 0x6d, 0x69, 0x6e, 0x69, 0x73, 0x74, 0x72,
  0x61, 0x74, 0x6f, 0x72, 0x20, 0x6d, 0x6f, 0x64,
  0x65, 0x20, 0x66, 0x6f, 0x72, 0x20, 0x65, 0x6c,
  0x65, 0x76, 0x61, 0x74, 0x65, 0x64, 0x20, 0x4d,
  0x69, 0x4b, 0x54, 0x65, 0x58, 0x20, 0x70, 0x72,
  0x6f, 0x67, 0x72, 0x61, 0x6d, 0x73, 0x0a, 0x09,
  0x3b, 0x3b, 0x20, 0x69, 0x6e, 0x20, 0x61, 0x20,
  0x73, 0x68, 0x61, 0x72, 0x65, 0x64, 0x20, 0x73,
  0x65, 0x74, 0x75, 0x70, 0x2e, 0x0a, 0x09, 0x41,
  0x75, 0x74, 0x6f, 0x41, 0x64, 0x6d, 0x69, 0x6e,
  0x20, 0x3d, 0x20, 0x3f, 0x0a, 0x0a, 0x09, 0x3b,
  0x3b, 0x20, 0x52, 0x6f, 0x6f, 0x74, 0x20, 0x6f,
  0x66, 0x20, 0x74, 0x68, 0x65, 0x20, 0x73, 0x79,
  0x73, 0x74, 0x65, 0x6d, 0x2d, 0x77, 0x69, 0x64,
  0x65, 0x20, 0x4d, 0x69, 0x4b, 0x54, 0x65, 0x58,
  0x20, 0x63, 0x6f, 0x6e, 0x66, 0x69, 0x67, 0x75,
  0x72, 0x61, 0x74, 0x69, 0x6f, 0x6e, 0x20, 0x74,
  0x72, 0x65, 0x65, 0x2e, 0x0a, 0x09, 0x3b, 0x3b,
  0x20, 0x41, 0x20, 0x70, 0x6c, 0x61, 0x74, 0x66,
  0x6f, 0x72, 0x6d, 0x20, 0x64, 0x65, 0x70, 0x65,
  0x6e, 0x64, 0x65, 0x6e, 0x74, 0x20, 0x6c, 0x6f,
  0x63, 0x61, 0x74, 0x69, 0x6f, 0x6e, 0x2c, 0x20,
  0x69, 0x66, 0x20, 0x6c, 0x65, 0x66, 0x74, 0x20,
  0x75, 0x6e, 0x73, 0x70, 0x65, 0x63, 0x69, 0x66,
  0x69, 0x65, 0x64, 0x2e, 0x0a, 0x09, 0x3b, 0x43,
  0x6f, 0x6d, 0x6d, 0x6f, 0x6e, 0x43, 0x6f, 0x6e,
  0x66, 0x69, 0x67, 0x20, 0x3d, 0x20, 0x0a, 0x0a,
  0x09, 0x3b, 0x3b, 0x20, 0x52, 0x6f, 0x6f, 0x74,
  0x20, 0x6f, 0x66, 0x20, 0x74, 0x68, 0x65, 0x20,
  0x73, 0x79, 0x73, 0x74, 0x65, 0x6d, 0x2d, 0x77,
  0x69, 0x64, 0x65, 0x20, 0x4d, 0x69, 0x4b, 0x54,
  0x65, 0x58, 0x20, 0x64, 0x61, 0x74, 0x61, 0x20,
  0x74, 0x72, 0x65, 0x65, 0x2e, 0x0a, 0x09, 0x3b,
  0x3b, 0x20, 0x41, 0x20, 0x70, 0x6c, 0x61, 0x74,
  0x66, 0x6f, 0x72, 0x6d, 0x20, 0x64, 0x65, 0x70,
  0x65, 0x6e, 0x64, 0x65, 0x6e, 0x74, 0x20, 0x6c,
  0x6f, 0x63, 0x61, 0x74, 0x69, 0x6f, 0x6e, 0x2c,
  0x20, 0x69, 0x66, 0x20, 0x6c, 0x65, 0x66, 0x74,
  0x20, 0x75, 0x6e, 0x73, 0x70, 0x65, 0x63, 0x69,
  0x66, 0x69, 0x65, 0x64, 0x2e, 0x0a, 0x09, 0x3b,
  0x43, 0x6f, 0x6d, 0x6d, 0x6f, 0x6e, 0x44, 0x61,
  0x74, 0x61, 0x20, 0x3d, 0x20, 0x0a, 0x0a, 0x09,
  0x3b, 0x3b, 0x20, 0x52, 0x6f, 0x6f, 0x74, 0x20,
  0x6f, 0x66, 0x20, 0x74, 0x68, 0x65, 0x20, 0x73,
  0x79, 0x73, 0x74, 0x65, 0x6d, 0x2d, 0x77, 0x69,
  0x64, 0x65, 0x20, 0x4d, 0x69, 0x4b, 0x54, 0x65,
  0x58, 0x20, 0x69, 0x6e, 0x73, 0x74, 0x61, 0x6c,
  0x6c, 0x61, 0x74, 0x69, 0x6f, 0x6e, 0x20, 0x74,
  0x72, 0x65, 0x65, 0x2e, 0x0a, 0x09, 0x3b, 0x3b,
  0x20, 0x41, 0x20, 0x70, 0x6c, 0x61, 0x74, 0x66,
  0x6f, 0x72, 0x6d, 0x20, 0x64, 0x65, 0x70, 0x65,
  0x6e, 0x64, 0x65, 0x6e, 0x74, 0x20, 0x6c, 0x6f,
  0x63, 0x61, 0x74, 0x69, 0x6f, 0x6e, 0x2c, 0x20,
  0x69, 0x66, 0x20, 0x6c, 0x65, 0x66, 0x74, 0x20,
  0x75, 0x6e, 0x73, 0x70, 0x65, 0x63, 0x69, 0x66,
  0x69, 0x65, 0x64, 0x2e, 0x0a, 0x09, 0x3b, 0x43,
  0x6f, 0x6d, 0x6d, 0x6f, 0x6e, 0x49, 0x6e, 0x73,
  0x74, 0x61, 0x6c, 0x6c, 0x20, 0x3d, 0x20, 0x0a,
  0x0a, 0x09, 0x3b, 0x3b, 0x20, 0x45, 0x78, 0x74,
  0x72, 0x61, 0x20, 0x73, 0x79, 0x73, 0x74, 0x65,
  0x6d, 0x2d, 0x77, 0x69, 0x64, 0x65, 0x20, 0x4d,
  0x69, 0x4b, 0x54, 0x65, 0x58, 0x20, 0x74, 0x72,
  0x65, 0x65, 0x73, 0x2e, 0x0a, 0x09, 0x3b, 0x43,
  0x6f, 0x6d, 0x6d, 0x6f, 0x6e, 0x52, 0x6f, 0x6f,
  0x74, 0x73, 0x20, 0x3d, 0x20, 0x0a, 0x0a, 0x09,
  0x3b, 0x3b, 0x20, 0x53, 0x79, 0x73, 0x74, 0x65,
  0x6d, 0x2d, 0x77, 0x69, 0x64, 0x65, 0x20, 0x64,
  0x69, 0x72, 0x65, 0x63, 0x74, 0x6f, 0x72, 0x79,
  0x20, 0x69, 0x6e, 0x20, 0x77, 0x68, 0x69, 0x63,
  0x68, 0x20, 0x74, 0x6f, 0x20, 0x63, 0x72, 0x65,
  0x61, 0x74, 0x65, 0x20, 0x73, 0x79, 0x6d, 0x62,
  0x6f, 0x6c, 0x69, 0x63, 0x20, 0x6c, 0x69, 0x6e,
  0x6b, 0x73, 0x20, 0x74, 0x6f, 0x0a, 0x20, 0x20,
  0x20, 0x20, 0x20, 0x20, 0x20, 0x20, 0x3b, 0x3b,
  0x20, 0x4d, 0x69, 0x4b, 0x54, 0x65, 0x58, 0x20,
  0x65, 0x78, 0x65, 0x63, 0x75, 0x74, 0x61, 0x62,
  0x6c, 0x65, 0x73, 0x2e, 0x0a, 0x09, 0x43, 0x6f,
  0x6d, 0x6d, 0x6f, 0x6e, 0x4c, 0x69, 0x6e, 0x6b,
  0x54, 0x61, 0x72, 0x67, 0x65, 0x74, 0x44, 0x69,
  0x72, 0x65, 0x63, 0x74, 0x6f, 0x72, 0x79, 0x20,
  0x3d, 0x20, 0x0a, 0x0a, 0x09, 0x3b, 0x3b, 0x20,
  0x53, 0x79, 0x73, 0x74, 0x65, 0x6d, 0x2d, 0x77,
  0x69, 0x64, 0x65, 0x20, 0x6c, 0x6f, 0x67, 0x20,
  0x64, 0x69, 0x72, 0x65, 0x63, 0x74, 0x6f, 0x72,
  0x79, 0x2e, 0x20, 0x41, 0x20, 0x70, 0x6c, 0x61,
  0x74, 0x66, 0x6f, 0x72, 0x6d, 0x20, 0x64, 0x65,
  0x70, 0x65, 0x6e, 0x64, 0x65, 0x6e, 0x74, 0x20,
  0x6c, 0x6f, 0x63, 0x61, 0x74, 0x69, 0x6f, 0x6e,
  0x2c, 0x20, 0x69, 0x66, 0x20, 0x6c, 0x65, 0x66,
  0x74, 0x20, 0x75, 0x6e, 0x73, 0x70, 0x65, 0x63,
  0x69, 0x66, 0x69, 0x65, 0x64, 0x2e, 0x0a, 0x09,
  0x3b, 0x43, 0x6f, 0x6d, 0x6d, 0x6f, 0x6e, 0x4c,
  0x6f, 0x67, 0x44, 0x69, 0x72, 0x65, 0x63, 0x74,
  0x6f, 0x72, 0x79, 0x20, 0x3d, 0x20, 0x0a, 0x0a,
  0x09, 0x3b, 0x3b, 0x20, 0x44, 0x65, 0x70, 0x72,
  0x65, 0x63, 0x61, 0x74, 0x65, 0x64, 0x2e, 0x0a,
  0x09, 0x3b, 0x4e, 0x6f, 0x52, 0x65, 0x67, 0x69,
  0x73, 0x74, 0x72, 0x79, 0x20, 0x3d, 0x0a, 0x0a,
  0x09, 0x3b, 0x3b, 0x20, 0x4f, 0x74, 0x68, 0x65,
  0x72, 0x20, 0x75, 0x6e, 0x6d, 0x61, 0x6e, 0x61,
  0x67, 0x65, 0x64, 0x20, 0x73, 0x79, 0x73, 0x74,
  0x65, 0x6d, 0x2d, 0x77, 0x69, 0x64, 0x65, 0x20,
  0x74, 0x72, 0x65, 0x65, 0x73, 0x2e, 0x0a, 0x09,
  0x3b, 0x4f, 0x74, 0x68, 0x65, 0x72, 0x43, 0x6f,
  0x6d, 0x6d, 0x6f, 0x6e, 0x52, 0x6f, 0x6f, 0x74,
  0x73, 0x20, 0x3d, 0x20, 0x0a, 0x0a, 0x09, 0x3b,
  0x3b, 0x20, 0x4f, 0x74, 0x68, 0x65, 0x72, 0x20,
  0x75, 0x6e, 0x6d, 0x61, 0x6e, 0x61, 0x67, 0x65,
  0x64, 0x20, 0x70, 0x65, 0x72, 0x2d, 0x75, 0x73,
  0x65, 0x72, 0x20, 0x74, 0x72, 0x65, 0x65, 0x73,
  0x2e, 0x0a, 0x09, 0x3b, 0x4f, 0x74, 0x68, 0x65,
  0x72, 0x55, 0x73, 0x65, 0x72, 0x52, 0x6f, 0x6f,
  0x74, 0x73, 0x20, 0x3d, 0x20, 0x0a, 0x0a, 0x09,
  0x3b, 0x3b, 0x20, 0x50, 0x4b, 0x20, 0x66, 0x69,
  0x6c, 0x65, 0x20, 0x6e, 0x61, 0x6d, 0x65, 0x20,
  0x74, 0x65, 0x6d, 0x70, 0x6c, 0x61, 0x74, 0x65,
  0x2e, 0x0a, 0x09, 0x50, 0x4b, 0x46, 0x6e, 0x54,
  0x65, 0x6d, 0x70, 0x6c, 0x61, 0x74, 0x65, 0x20,
  0x3d, 0x20, 0x25, 0x66, 0x2e, 0x70, 0x6b, 0x0a,
  0x0a, 0x09, 0x3b, 0x3b, 0x20, 0x4f, 0x6e, 0x20,
  0x57, 0x69, 0x6e, 0x64, 0x6f, 0x77, 0x73, 0x2c,
  0x20, 0x70, 0x72, 0x65, 0x66, 0x65, 0x72, 0x20,
  0x4d, 0x69, 0x4b, 0x54, 0x65, 0x58, 0x20, 0x47,
  0x68, 0x6f, 0x73, 0x74, 0x73, 0x63, 0x72, 0x69,
  0x70, 0x74, 0x20, 0x28, 0x6d, 0x67, 0x73, 0x2e,
  0x65, 0x78, 0x65, 0x29, 0x0a, 0x09, 0x3b, 0x3b,
  0x20, 0x74, 0x6f, 0x20, 0x74, 0x68, 0x65, 0x20,
  0x69, 0x6e, 0x73, 0x74, 0x61, 0x6c, 0x6c, 0x65,
  0x64, 0x20, 0x47, 0x68, 0x6f, 0x73, 0x74, 0x73,
  0x63, 0x72, 0x69, 0x70, 0x74, 0x0a, 0x09, 0x50,
  0x72, 0x65, 0x66, 0x65, 0x72, 0x4d, 0x69, 0x4b,
  0x54, 0x65, 0x58, 0x47, 0x68, 0x6f, 0x73, 0x74,
  0x73, 0x63, 0x72, 0x69, 0x70, 0x74, 0x20, 0x3d,
  0x20, 0x66, 0x61, 0x6c, 0x73, 0x65, 0x0a, 0x0a,
  0x09, 0x3b, 0x3b, 0x20, 0x49, 0x6e, 0x64, 0x69,
  0x63, 0x61, 0x74, 0x65, 0x73, 0x20, 0x77, 0x68,
  0x65, 0x74, 0x68, 0x65, 0x72, 0x20, 0x4d, 0x69,
  0x4b, 0x54, 0x65, 0x58, 0x20, 0x69, 0x73, 0x20,
  0x69, 0x6e, 0x73, 0x74, 0x61, 0x6c, 0x6c, 0x65,
  0x64, 0x20, 0x73, 0x79, 0x73, 0x74, 0x65, 0x6d,
  0x2d, 0x77, 0x69, 0x64, 0x65, 0x2e, 0x0a, 0x09,
  0x53, 0x68, 0x61, 0x72, 0x65, 0x64, 0x53, 0x65,
  0x74, 0x75, 0x70, 0x20, 0x3d, 0x20, 0x3f, 0x0a,
  0x0a, 0x09, 0x3b, 0x3b, 0x20, 0x50, 0x61, 0x74,
  0x68, 0x20, 0x74, 0x6f, 0x20, 0x74, 0x68, 0x65,
  0x20, 0x4d, 0x69, 0x4b, 0x54, 0x65, 0x58, 0x20,
  0x73, 0x74, 0x61, 0x72, 0x74, 0x75, 0x70, 0x20,
  0x63, 0x6f, 0x6e, 0x66, 0x69, 0x67, 0x75, 0x72,
  0x61, 0x74, 0x69, 0x6f, 0x6e, 0x20, 0x66, 0x69,
  0x6c, 0x65, 0x2e, 0x0a, 0x09, 0x3b, 0x53, 0x74,
  0x61, 0x72, 0x74, 0x75, 0x70, 0x46, 0x69, 0x6c,
  0x65, 0x20, 0x3d, 0x20, 0x0a, 0x0a, 0x09, 0x3b,
  0x3b, 0x20, 0x50, 0x61, 0x74, 0x68, 0x20, 0x74,
  0x6f, 0x20, 0x74, 0x68, 0x65, 0x20, 0x64, 0x69,
  0x72, 0x65, 0x63, 0x74, 0x6f, 0x72, 0x79, 0x20,
  0x66, 0x6f, 0x72, 0x20, 0x74, 0x65, 0x6d, 0x70,
  0x6f, 0x72, 0x61, 0x72, 0x79, 0x20, 0x66, 0x69,
  0x6c, 0x65, 0x73, 0x2e, 0x0a, 0x09, 0x3b, 0x54,
  0x65, 0x6d, 0x70, 0x44, 0x69, 0x72, 0x20, 0x3d,
  0x0a, 0x0a, 0x09, 0x3b, 0x3b, 0x20, 0x54, 0x72,
  0x61, 0x63, 0x65, 0x20, 0x66, 0x6c, 0x61, 0x67,
  0x73, 0x2e, 0x0a, 0x09, 0x54, 0x72, 0x61, 0x63,
  0x65, 0x20, 0x3d, 0x0a, 0x0a, 0x09, 0x3b, 0x3b,
  0x20, 0x52, 0x6f, 0x6f, 0x74, 0x20, 0x6f, 0x66,
  0x20, 0x74, 0x68, 0x65, 0x20, 0x70, 0x65, 0x72,
  0x2d, 0x75, 0x73, 0x65, 0x72, 0x20, 0x4d, 0x69,
  0x4b, 0x54, 0x65, 0x58, 0x20, 0x63, 0x6f, 0x6e,
  0x66, 0x69, 0x67, 0x75, 0x72, 0x61, 0x74, 0x69,
  0x6f, 0x6e, 0x20, 0x74, 0x72, 0x65, 0x65, 0x2e,
  0x0a, 0x09, 0x3b, 0x3b, 0x20, 0x41, 0x20, 0x70,
  0x6c, 0x61, 0x74, 0x66, 0x6f, 0x72, 0x6d, 0x20,
  0x64, 0x65, 0x70, 0x65, 0x6e, 0x64, 0x65, 0x6e,
  0x74, 0x20, 0x6c, 0x6f, 0x63, 0x61, 0x74, 0x69,
  0x6f, 0x6e, 0x2c, 0x20, 0x69, 0x66, 0x20, 0x6c,
  0x65, 0x66, 0x74, 0x20, 0x75, 0x6e, 0x73, 0x70,
  0x65, 0x63, 0x69, 0x66, 0x69, 0x65, 0x64, 0x2e,
  0x0a, 0x09, 0x3b, 0x55, 0x73, 0x65, 0x72, 0x43,
  0x6f, 0x6e, 0x66, 0x69, 0x67, 0x20, 0x3d, 0x20,
  0x0a, 0x0a, 0x09, 0x3b, 0x3b, 0x20, 0x52, 0x6f,
  0x6f, 0x74, 0x20, 0x6f, 0x66, 0x20, 0x74, 0x68,
  0x65, 0x20, 0x70, 0x65, 0x72, 0x2d, 0x75, 0x73,
  0x65, 0x72, 0x20, 0x4d, 0x69, 0x4b, 0x54, 0x65,
  0x58, 0x20, 0x64, 0x61, 0x74, 0x61, 0x20, 0x74,
  0x72, 0x65, 0x65, 0x2e, 0x0a, 0x09, 0x3b, 0x3b,
  0x20, 0x41, 0x20, 0x70, 0x6c, 0x61, 0x74, 0x66,
  0x6f, 0x72, 0x6d, 0x20, 0x64, 0x65, 0x70, 0x65,
  0x6e, 0x64, 0x65, 0x6e, 0x74, 0x20, 0x6c, 0x6f,
  0x63, 0x61, 0x74, 0x69, 0x6f, 0x6e, 0x2c, 0x20,
  0x69, 0x66, 0x20, 0x6c, 0x65, 0x66, 0x74, 0x20,
  0x75, 0x6e, 0x73, 0x70, 0x65, 0x63, 0x69, 0x66,
  0x69, 0x65, 0x64, 0x2e, 0x0a, 0x09, 0x3b, 0x55,
  0x73, 0x65, 0x72, 0x44, 0x61, 0x74, 0x61, 0x20,
  0x3d, 0x20, 0x0a, 0x0a, 0x09, 0x3b, 0x3b, 0x20,
  0x52, 0x6f, 0x6f, 0x74, 0x20, 0x6f, 0x66, 0x20,
  0x74, 0x68, 0x65, 0x20, 0x70, 0x65, 0x72, 0x2d,
  0x75, 0x73, 0x65, 0x72, 0x20, 0x4d, 0x69, 0x4b,
  0x54, 0x65, 0x58, 0x20, 0x69, 0x6e, 0x73, 0x74,
  0x61, 0x6c, 0x6c, 0x61, 0x74, 0x69, 0x6f, 0x6e,
  0x20, 0x74, 0x72, 0x65, 0x65, 0x2e, 0x0a, 0x09,
  0x3b, 0x3b, 0x20, 0x41, 0x20, 0x70, 0x6c, 0x61,
  0x74, 0x66, 0x6f, 0x72, 0x6d, 0x20, 0x64, 0x65,
  0x70, 0x65, 0x6e, 0x64, 0x65, 0x6e, 0x74, 0x20,
  0x6c, 0x6f, 0x63, 0x61, 0x74, 0x69, 0x6f, 0x6e,
  0x2c, 0x20, 0x69, 0x66, 0x20, 0x6c, 0x65, 0x66,
  0x74, 0x20, 0x75, 0x6e, 0x73, 0x70, 0x65, 0x63,
  0x69, 0x66, 0x69, 0x65, 0x64, 0x2e, 0x0a, 0x09,
  0x3b, 0x55, 0x73, 0x65, 0x72, 0x49, 0x6e, 0x73,
  0x74, 0x61, 0x6c, 0x6c, 0x20, 0x3d, 0x20, 0x0a,
  0x0a, 0x09, 0x3b, 0x3b, 0x20, 0x50, 0x65, 0x72,
  0x2d, 0x75, 0x73, 0x65, 0x72, 0x20, 0x64, 0x69,
  0x72, 0x65, 0x63, 0x74, 0x6f, 0x72, 0x79, 0x20,
  0x69, 0x6e, 0x20, 0x77, 0x68, 0x69, 0x63, 0x68,
  0x20, 0x74, 0x6f, 0x20, 0x63, 0x72, 0x65, 0x61,
  0x74, 0x65, 0x20, 0x73, 0x79, 0x6d, 0x62, 0x6f,
  0x6c, 0x69, 0x63, 0x20, 0x6c, 0x69, 0x6e, 0x6b,
  0x73, 0x20, 0x74, 0x6f, 0x0a, 0x20, 0x20, 0x20,
  0x20, 0x20, 0x20, 0x20, 0x20, 0x3b, 0x3b, 0x20,
  0x4d, 0x69, 0x4b, 0x54, 0x65, 0x58, 0x20, 0x65,
  0x78, 0x65, 0x63, 0x75, 0x74, 0x61, 0x62, 0x6c,
  0x65, 0x73, 0x2e, 0x0a, 0x09, 0x55, 0x73, 0x65,
  0x72, 0x4c, 0x69, 0x6e, 0x6b, 0x54, 0x61, 0x72,
  0x67, 0x65, 0x74, 0x44, 0x69, 0x72, 0x65, 0x63,
  0x74, 0x6f, 0x72, 0x79, 0x20, 0x3d, 0x20, 0x0a,
  0x0a, 0x09, 0x3b, 0x3b, 0x20, 0x50, 0x65, 0x72,
  0x2d, 0x75, 0x73, 0x65, 0x72, 0x20, 0x6c, 0x6f,
  0x67, 0x20, 0x64, 0x69, 0x72, 0x65, 0x63, 0x74,
  0x6f, 0x72, 0x79, 0x2e, 0x20, 0x41, 0x20, 0x70,
  0x6c, 0x61, 0x74, 0x66, 0x6f, 0x72, 0x6d, 0x20,
  0x64, 0x65, 0x70, 0x65, 0x6e, 0x64, 0x65, 0x6e,
  0x74, 0x20, 0x6c, 0x6f, 0x63, 0x61, 0x74, 0x69,
  0x6f, 0x6e, 0x2c, 0x20, 0x69, 0x66, 0x20, 0x6c,
  0x65, 0x66, 0x74, 0x20, 0x75, 0x6e, 0x73, 0x70,
  0x65, 0x63, 0x69, 0x66, 0x69, 0x65, 0x64, 0x2e,
  0x0a, 0x09, 0x3b, 0x55, 0x73, 0x65, 0x72, 0x4c,
  0x6f, 0x67, 0x44, 0x69, 0x72, 0x65, 0x63, 0x74,
  0x6f, 0x72, 0x79, 0x20, 0x3d, 0x20, 0x0a, 0x0a,
  0x09, 0x3b, 0x3b, 0x20, 0x45, 0x78, 0x74, 0x72,
  0x61, 0x20, 0x70, 0x65, 0x72, 0x2d, 0x75, 0x73,
  0x65, 0x72, 0x20, 0x4d, 0x69, 0x4b, 0x54, 0x65,
  0x58, 0x20, 0x74, 0x72, 0x65, 0x65, 0x73, 0x2e,
  0x0a, 0x09, 0x3b, 0x55, 0x73, 0x65, 0x72, 0x52,
  0x6f, 0x6f, 0x74, 0x73, 0x20, 0x3d, 0x20, 0x0a,
  0x0a, 0x09, 0x3b, 0x3b, 0x20, 0x50, 0x72, 0x65,
  0x66, 0x65, 0x72, 0x72, 0x65, 0x64, 0x20, 0x55,
  0x49, 0x20, 0x6c, 0x61, 0x6e, 0x67, 0x75, 0x61,
  0x67, 0x65, 0x73, 0x2e, 0x0a, 0x09, 0x3b, 0x55,
  0x49, 0x4c, 0x61, 0x6e, 0x67, 0x75, 0x61, 0x67,
  0x65, 0x73, 0x5b, 0x5d, 0x20, 0x3d, 0x20, 0x0a,
  0x0a, 0x5b, 0x43, 0x6f, 0x72, 0x65, 0x2e, 0x46,
  0x69, 0x6c, 0x65, 0x54, 0x79, 0x70, 0x65, 0x73,
  0x2e, 0x61, 0x66, 0x6d, 0x5d, 0x0a, 0x0a, 0x09,
  0x3b, 0x3b, 0x20, 0x53, 0x65, 0x61, 0x72, 0x63,
  0x68, 0x20, 0x70, 0x61, 0x74, 0x68, 0x20, 0x66,
  0x6f, 0x72, 0x20, 0x41, 0x64, 0x6f, 0x62, 0x65,
  0x20, 0x66, 0x6f, 0x6e, 0x74, 0x20, 0x6d, 0x65,
  0x74, 0x72, 0x69, 0x63, 0x20, 0x28, 0x41, 0x46,
  0x4d, 0x29, 0x20, 0x66, 0x69, 0x6c, 0x65, 0x73,
  0x2e, 0x0a, 0x09, 0x50, 0x61, 0x74, 0x68, 0x73,
  0x5b, 0x5d, 0x20, 0x3d, 0x20, 0x2e, 0x0a, 0x09,
  0x50, 0x61, 0x74, 0x68, 0x73, 0x5b, 0x5d, 0x20,
  0x3d, 0x20, 0x25, 0x52, 0x2f, 0x66, 0x6f, 0x6e,
  0x74, 0x73, 0x2f, 0x61, 0x66, 0x6d, 0x2f, 0x2f,
  0x0a, 0x0a, 0x09, 0x3b, 0x3b, 0x20, 0x45, 0x6e,
  0x76, 0x69, 0x72, 0x6f, 0x6e, 0x6d, 0x65, 0x6e,
  0x74, 0x20, 0x76, 0x61, 0x72, 0x69, 0x61, 0x62,
  0x6c, 0x65, 0x73, 0x20, 0x74, 0x6f, 0x20, 0x62,
  0x65, 0x20, 0x75, 0x73, 0x65, 0x64, 0x20, 0x66,
  0x6f, 0x72, 0x20, 0x73, 0x65, 0x61, 0x72, 0x63,
  0x68, 0x69, 0x6e, 0x67, 0x20, 0x41, 0x46, 0x4d,
  0x20, 0x66, 0x69, 0x6c, 0x65, 0x73, 0x2e, 0x0a,
  0x09, 0x45, 0x6e, 0x76, 0x56, 0x61, 0x72, 0x73,
  0x5b, 0x5d, 0x20, 0x3d, 0x20, 0x41, 0x46, 0x4d,
  0x46, 0x4f, 0x4e, 0x54, 0x53, 0x0a, 0x09, 0x45,
  0x6e, 0x76, 0x56, 0x61, 0x72, 0x73, 0x5b, 0x5d,
  0x20, 0x3d, 0x20, 0x54, 0x45, 0x58, 0x46, 0x4f,
  0x4e, 0x54, 0x53, 0x0a, 0x0a, 0x09, 0x3b, 0x3b,
  0x20, 0x41, 0x46, 0x4d, 0x20, 0x66, 0x69, 0x6c,
  0x65, 0x20, 0x6e, 0x61, 0x6d, 0x65, 0x20, 0x65,
  0x78, 0x74, 0x65, 0x6e, 0x73, 0x69, 0x6f, 0x6e,
  0x73, 0x2e, 0x0a, 0x09, 0x45, 0x78, 0x74, 0x65,
  0x6e, 0x73, 0x69, 0x6f, 0x6e, 0x73, 0x5b, 0x5d,
  0x20, 0x3d, 0x20, 0x2e, 0x61, 0x66, 0x6d, 0x0a,
  0x0a, 0x5b, 0x43, 0x6f, 0x72, 0x65, 0x2e, 0x46,
  0x69, 0x6c, 0x65, 0x54, 0x79, 0x70, 0x65, 0x73,
  0x2e, 0x62, 0x61, 0x73, 0x65, 0x5d, 0x0a, 0x0a,
  0x09, 0x3b, 0x3b, 0x20, 0x53, 0x65, 0x61, 0x72,
  0x63, 0x68, 0x20, 0x70, 0x61, 0x74, 0x68, 0x20,
  0x66, 0x6f, 0x72, 0x20, 0x4d, 0x45, 0x54, 0x41,
  0x46, 0x4f, 0x4e, 0x54, 0x20, 0x6d, 0x65, 0x6d,
  0x6f, 0x72, 0x79, 0x20, 0x64, 0x75, 0x6d, 0x70,
  0x20, 0x66, 0x69, 0x6c, 0x65, 0x73, 0x2e, 0x0a,
  0x09, 0x50, 0x61, 0x74, 0x68, 0x73, 0x5b, 0x5d,
  0x20, 0x3d, 0x20, 0x2e, 0x0a, 0x09, 0x50, 0x61,
  0x74, 0x68, 0x73, 0x5b, 0x5d, 0x20, 0x3d, 0x20,
  0x25, 0x72, 0x2f, 0x6d, 0x69, 0x6b, 0x74, 0x65,
  0x78, 0x2f, 0x64, 0x61, 0x74, 0x61, 0x2f, 0x6c,
  0x65, 0x0a, 0x0a, 0x09, 0x3b, 0x3b, 0x20, 0x4d,
  0x45, 0x54, 0x41, 0x46, 0x4f, 0x4e, 0x54, 0x20,
  0x6d, 0x65, 0x6d, 0x6f, 0x72, 0x79, 0x20, 0x64,
  0x75, 0x6d, 0x70, 0x20, 0x66, 0x69, 0x6c, 0x65,
  0x20, 0x6e, 0x61, 0x6d, 0x65, 0x20, 0x65, 0x78,
  0x74, 0x65, 0x6e, 0x73, 0x69, 0x6f, 0x6e, 0x73,
  0x2e, 0x0a, 0x09, 0x45, 0x78, 0x74, 0x65, 0x6e,
  0x73, 0x69, 0x6f, 0x6e, 0x73, 0x5b, 0x5d, 0x20,
  0x3d, 0x20, 0x2e, 0x62, 0x61, 0x73, 0x65, 0x0a,
  0x0a, 0x5b, 0x43, 0x6f, 0x72, 0x65, 0x2e, 0x46,
  0x69, 0x6c, 0x65, 0x54, 0x79, 0x70, 0x65, 0x73,
  0x2e, 0x62, 0x69, 0x62, 0x5d, 0x0a, 0x0a, 0x09,
  0x3b, 0x3b, 0x20, 0x53, 0x65, 0x61, 0x72, 0x63,
  0x68, 0x20, 0x70, 0x61, 0x74, 0x68, 0x20, 0x66,
  0x6f, 0x72, 0x20, 0x42, 0x69, 0x62, 0x54, 0x65,
  0x58, 0x20, 0x64, 0x61, 0x74, 0x61, 0x62, 0x61,
  0x73, 0x65, 0x20, 0x66, 0x69, 0x6c, 0x65, 0x73,
  0x2e, 0x0a, 0x09, 0x50, 0x61, 0x74, 0x68, 0x73,
  0x5b, 0x5d, 0x20, 0x3d, 0x20, 0x2e, 0x0a, 0x09,
  0x50, 0x61, 0x74, 0x68, 0x73, 0x5b, 0x5d, 0x20,
  0x3d, 0x20, 0x25, 0x52, 0x2f, 0x62, 0x69, 0x62,
  0x74, 0x65, 0x78, 0x2f, 0x62, 0x69, 0x62, 0x2f,
  0x2f, 0x0a, 0x0a, 0x09, 0x3b, 0x3b, 0x20, 0x45,
  0x6e, 0x76, 0x69, 0x72, 0x6f, 0x6e, 0x6d, 0x65,
  0x6e, 0x74, 0x20, 0x76, 0x61, 0x72, 0x69, 0x61,
  0x62, 0x6c, 0x65, 0x73, 0x20, 0x74, 0x6f, 0x20,
  0x62, 0x65, 0x20, 0x75, 0x73, 0x65, 0x64, 0x20,
  0x66, 0x6f, 0x72, 0x20, 0x73, 0x65, 0x61, 0x72,
  0x63, 0x68, 0x69, 0x6e, 0x67, 0x20, 0x42, 0x69,
  0x62, 0x54, 0x65, 0x58, 0x0a, 0x09, 0x3b, 0x3b,
  0x20, 0x64, 0x61, 0x74, 0x61, 0x62, 0x73, 0x61,
  0x65, 0x20, 0x66, 0x69, 0x6c, 0x65, 0x73, 0x2e,
  0x0a, 0x09, 0x45, 0x6e, 0x76, 0x56, 0x61, 0x72,
  0x73, 0x5b, 0x5d, 0x20, 0x3d, 0x20, 0x42, 0x49,
  0x42, 0x49, 0x4e, 0x50, 0x55, 0x54, 0x53, 0x0a,
  0x09, 0x45, 0x6e, 0x76, 0x56, 0x61, 0x72, 0x73,
  0x5b, 0x5d, 0x20, 0x3d, 0x20, 0x54, 0x45, 0x58,
  0x42, 0x49, 0x42, 0x0a, 0x0a, 0x09, 0x3b, 0x3b,
  0x20, 0x42, 0x69, 0x62, 0x54, 0x65, 0x58, 0x20,
  0x64, 0x61, 0x74, 0x61, 0x62, 0x61, 0x73, 0x65,
  0x20, 0x66, 0x69, 0x6c, 0x65, 0x20, 0x6e, 0x61,
  0x6d, 0x65, 0x20, 0x65, 0x78, 0x74, 0x65, 0x6e,
  0x73, 0x69, 0x6f, 0x6e, 0x73, 0x2e, 0x0a, 0x09,
  0x45, 0x78, 0x74, 0x65, 0x6e, 0x73, 0x69, 0x6f,
  0x6e, 0x73, 0x5b, 0x5d, 0x20, 0x3d, 0x20, 0x2e,
  0x62, 0x69, 0x62, 0x0a, 0x0a, 0x5b, 0x43, 0x6f,
  0x72, 0x65, 0x2e, 0x46, 0x69, 0x6c, 0x65, 0x54,
  0x79, 0x70, 0x65, 0x73, 0x2e, 0x62, 0x73, 0x74,
  0x5d, 0x0a, 0x0a, 0x09, 0x3b, 0x3b, 0x20, 0x53,
  0x65, 0x61, 0x72, 0x63, 0x68, 0x20, 0x70, 0x61,
  0x74, 0x68, 0x20, 0x66, 0x6f, 0x72, 0x20, 0x42,
  0x69, 0x62, 0x54, 0x65, 0x58, 0x20, 0x73, 0x74,
  0x79, 0x6c, 0x65, 0x20, 0x66, 0x69, 0x6c, 0x65,
  0x73, 0x2e, 0x0a, 0x09, 0x50, 0x61, 0x74, 0x68,
  0x73, 0x5b, 0x5d, 0x20, 0x3d, 0x20, 0x2e, 0x0a,
  0x09, 0x50, 0x61, 0x74, 0x68, 0x73, 0x5b, 0x5d,
  0x20, 0x3d, 0x20, 0x25, 0x52, 0x2f, 0x62, 0x69,
  0x62, 0x74, 0x65, 0x78, 0x2f, 0x7b, 0x62, 0x73,
  0x74, 0x2c, 0x63, 0x73, 0x66, 0x7d, 0x2f, 0x2f,
  0x0a, 0x0a, 0x09, 0x3b, 0x3b, 0x20, 0x45, 0x6e,
  0x76, 0x69, 0x72, 0x6f, 0x6e, 0x6d, 0x65, 0x6e,
  0x74, 0x20, 0x76, 0x61, 0x72, 0x69, 0x61, 0x62,
  0x6c, 0x65, 0x73, 0x20, 0x74, 0x6f, 0x20, 0x62,
  0x65, 0x20, 0x75, 0x73, 0x65, 0x64, 0x20, 0x66,
  0x6f, 0x72, 0x20, 0x73, 0x65, 0x61, 0x72, 0x63,
  0x68, 0x69, 0x6e, 0x67, 0x20, 0x42, 0x69, 0x62,
  0x54, 0x65, 0x58, 0x0a, 0x09, 0x3b, 0x3b, 0x20,
  0x73, 0x74, 0x79, 0x6c, 0x65, 0x20, 0x66, 0x69,
  0x6c, 0x65, 0x73, 0x2e, 0x0a, 0x09, 0x45, 0x6e,
  0x76, 0x56, 0x61, 0x72, 0x73, 0x5b, 0x5d, 0x20,
  0x3d, 0x20, 0x42, 0x53, 0x54, 0x49, 0x4e, 0x50,
  0x55, 0x54, 0x53, 0x0a, 0x0a, 0x09, 0x3b, 0x3b,
  0x20, 0x42, 0x69, 0x62, 0x54, 0x65, 0x58, 0x20,
  0x73, 0x74, 0x79, 0x6c, 0x65, 0x20, 0x66, 0x69,
  0x6c, 0x65, 0x20, 0x6e, 0x61, 0x6d, 0x65, 0x20,
  0x65, 0x78, 0x74, 0x65, 0x6e, 0x73, 0x69, 0x6f,
  0x6e, 0x73, 0x2e, 0x0a, 0x09, 0x45, 0x78, 0x74,
  0x65, 0x6e, 0x73, 0x69, 0x6f, 0x6e, 0x73, 0x5b,
  0x5d, 0x20, 0x3d, 0x20, 0x2e, 0x62, 0x73, 0x74,
  0x0a, 0x0a, 0x5b, 0x43, 0x6f, 0x72, 0x65, 0x2e,
  0x46, 0x69, 0x6c, 0x65, 0x54, 0x79, 0x70, 0x65,
  0x73, 0x2e, 0x63, 0x69, 0x64, 0x20, 0x6d, 0x61,
  0x70, 0x73, 0x5d, 0x0a, 0x0a, 0x09, 0x3b, 0x3b,
  0x20, 0x53, 0x65, 0x61, 0x72, 0x63, 0x68, 0x20,
  0x70, 0x61, 0x74, 0x68, 0x20, 0x66, 0x6f, 0x72,
  0x20, 0x43, 0x49, 0x44, 0x20, 0x6d, 0x61, 0x70,
  0x20, 0x66, 0x69, 0x6c, 0x65, 0x73, 0x2e, 0x0a,
  0x09, 0x50, 0x61, 0x74, 0x68, 0x73, 0x5b, 0x5d,
  0x20, 0x3d, 0x20, 0x2e, 0x0a, 0x09, 0x50, 0x61,
  0x74, 0x68, 0x73, 0x5b, 0x5d, 0x20, 0x3d, 0x20,
  0x25, 0x52, 0x2f, 0x66, 0x6f, 0x6e, 0x74, 0x73,
  0x2f, 0x63, 0x69, 0x64, 0x2f, 0x2f, 0x0a, 0x0a,
  0x09, 0x3b, 0x3b, 0x20, 0x45, 0x6e, 0x76, 0x69,
  0x72, 0x6f, 0x6e, 0x6d, 0x65, 0x6e, 0x74, 0x20,
  0x76, 0x61, 0x72, 0x69, 0x61, 0x62, 0x6c, 0x65,
  0x73, 0x20, 0x74, 0x6f, 0x20, 0x62, 0x65, 0x20,
  0x75, 0x73, 0x65, 0x64, 0x20, 0x66, 0x6f, 0x72,
  0x20, 0x73, 0x65, 0x61, 0x72, 0x63, 0x68, 0x69,
  0x6e, 0x67, 0x20, 0x43, 0x49, 0x44, 0x20, 0x6d,
  0x61, 0x70, 0x0a, 0x09, 0x3b, 0x3b, 0x20, 0x66,
  0x69, 0x6c, 0x65, 0x73, 0x2e, 0x0a, 0x09, 0x45,
  0x6e, 0x76, 0x56, 0x61, 0x72, 0x73, 0x5b, 0x5d,
  0x20, 0x3d, 0x20, 0x46, 0x4f, 0x4e, 0x54, 0x43,
  0x49, 0x44, 0x4d, 0x41, 0x50, 0x53, 0x0a, 0x0a,
  0x09, 0x3b, 0x3b, 0x20, 0x43, 0x49, 0x44, 0x20,
  0x6d, 0x61, 0x70, 0x20, 0x66, 0x69, 0x6c, 0x65,
  0x20, 0x6e, 0x61, 0x6d, 0x65, 0x20, 0x65, 0x78,
  0x74, 0x65, 0x6e, 0x73, 0x69, 0x6f, 0x6e, 0x73,
  0x2e, 0x0a, 0x09, 0x45, 0x78, 0x74, 0x65, 0x6e,
  0x73, 0x69, 0x6f, 0x6e, 0x73, 0x5b, 0x5d, 0x20,
  0x3d, 0x20, 0x2e, 0x63, 0x69, 0x64, 0x0a, 0x09,
  0x45, 0x78, 0x74, 0x65, 0x6e, 0x73, 0x69, 0x6f,
  0x6e, 0x73, 0x5b, 0x5d, 0x20, 0x3d, 0x20, 0x2e,
  0x63, 0x69, 0x64, 0x6d, 0x61, 0x70, 0x0a, 0x0a,
  0x5b, 0x43, 0x6f, 0x72, 0x65, 0x2e, 0x46, 0x69,
  0x6c, 0x65, 0x54, 0x79, 0x70, 0x65, 0x73, 0x2e,
  0x63, 0x6c, 0x75, 0x61, 0x5d, 0x0a, 0x0a, 0x09,
  0x3b, 0x3b, 0x20, 0x53, 0x65, 0x61, 0x72, 0x63,
  0x68, 0x20, 0x70, 0x61, 0x74, 0x68, 0x20, 0x66,
  0x6f, 0x72, 0x20, 0x64, 0x79, 0x6e, 0x61, 0x6d,
  0x69, 0x63, 0x20, 0x6c, 0x69, 0x62, 0x72, 0x61,
  0x72, 0x69, 0x65, 0x73, 0x20, 0x66, 0x6f, 0x72,
  0x20, 0x4c, 0x75, 0x61, 0x2e, 0x0a, 0x09, 0x50,
  0x61, 0x74, 0x68, 0x73, 0x5b, 0x5d, 0x20, 0x3d,
  0x20, 0x2e, 0x0a, 0x09, 0x50, 0x61, 0x74, 0x68,
  0x73, 0x5b, 0x5d, 0x20, 0x3d, 0x20, 0x25, 0x52,
  0x2f, 0x73, 0x63, 0x72, 0x69, 0x70, 0x74, 0x73,
  0x2f, 0x7b, 0x24, 0x70, 0x72, 0x6f, 0x67, 0x6e,
  0x61, 0x6d, 0x65, 0x2c, 0x24, 0x65, 0x6e, 0x67,
  0x69, 0x6e, 0x65, 0x2c, 0x7d, 0x2f, 0x6c, 0x75,
  0x61, 0x2f, 0x2f, 0x0a, 0x0a, 0x09, 0x3b, 0x3b,
  0x20, 0x45, 0x6e, 0x76, 0x69, 0x72, 0x6f, 0x6e,
  0x6d, 0x65, 0x6e, 0x74, 0x20, 0x76, 0x61, 0x72,
  0x69, 0x61, 0x62, 0x6c, 0x65, 0x73, 0x20, 0x74,
  0x6f, 0x20, 0x62, 0x65, 0x20, 0x75, 0x73, 0x65,
  0x64, 0x20, 0x66, 0x6f, 0x72, 0x20, 0x73, 0x65,
  0x61, 0x72, 0x63, 0x68, 0x69, 0x6e, 0x67, 0x20,
  0x64, 0x79, 0x6e, 0x61, 0x6d, 0x69, 0x63, 0x0a,
  0x09, 0x3b, 0x3b, 0x20, 0x6c, 0x69, 0x62, 0x72,
  0x61, 0x72, 0x69, 0x65, 0x73, 0x20, 0x66, 0x6f,
  0x72, 0x20, 0x4c, 0x75, 0x61, 0x2e, 0x0a, 0x09,
  0x45, 0x6e, 0x76, 0x56, 0x61, 0x72, 0x73, 0x5b,
  0x5d, 0x20, 0x3d, 0x20, 0x43, 0x4c, 0x55, 0x41,
  0x49, 0x4e, 0x50, 0x55, 0x54, 0x53, 0x0a, 0x0a,
  0x09, 0x3b, 0x3b, 0x20, 0x46, 0x69, 0x6c, 0x65,
  0x20, 0x6e, 0x61, 0x6d, 0x65, 0x20, 0x65, 0x78,
  0x74, 0x65, 0x6e, 0x73, 0x69, 0x6f, 0x6e, 0x73,
  0x20, 0x66, 0x6f, 0x72, 0x20, 0x4c, 0x75, 0x61,
  0x20, 0x64, 0x79, 0x6e, 0x61, 0x6d, 0x69, 0x63,
  0x20, 0x6c, 0x69, 0x62, 0x72, 0x61, 0x72, 0x69,
  0x65, 0x73, 0x2e, 0x0a, 0x09, 0x45, 0x78, 0x74,
  0x65, 0x6e, 0x73, 0x69, 0x6f, 0x6e, 0x73, 0x5b,
  0x5d, 0x20, 0x3d, 0x20, 0x2e, 0x64, 0x6c, 0x6c,
  0x0a, 0x09, 0x45, 0x78, 0x74, 0x65, 0x6e, 0x73,
  0x69, 0x6f, 0x6e, 0x73, 0x5b, 0x5d, 0x20, 0x3d,
  0x20, 0x2e, 0x73, 0x6f, 0x0a, 0x09, 0x0a, 0x5b,
  0x43, 0x6f, 0x72, 0x65, 0x2e, 0x46, 0x69, 0x6c,
  0x65, 0x54, 0x79, 0x70, 0x65, 0x73, 0x2e, 0x63,
  0x6d, 0x61, 0x70, 0x20, 0x66, 0x69, 0x6c, 0x65,
  0x73, 0x5d, 0x0a, 0x0a, 0x09, 0x3b, 0x3b, 0x20,
  0x53, 0x65, 0x61, 0x72, 0x63, 0x68, 0x20, 0x70,
  0x61, 0x74, 0x68, 0x20, 0x66, 0x6f, 0x72, 0x20,
  0x63, 0x68, 0x61, 0x72, 0x61, 0x63, 0x74, 0x65,
  0x72, 0x20, 0x6d, 0x61, 0x70, 0x20, 0x66, 0x69,
  0x6c, 0x65, 0x73, 0x2e, 0x0a, 0x09, 0x50, 0x61,
  0x74, 0x68, 0x73, 0x5b, 0x5d, 0x20, 0x3d, 0x20,
  0x2e, 0x0a, 0x09, 0x50, 0x61, 0x74, 0x68, 0x73,
  0x5b, 0x5d, 0x20, 0x3d, 0x20, 0x25, 0x52, 0x2f,
  0x66, 0x6f, 0x6e, 0x74, 0x73, 0x2f, 0x63, 0x6d,
  0x61, 0x70, 0x2f, 0x2f, 0x0a, 0x0a, 0x09, 0x3b,
  0x3b, 0x20, 0x45, 0x6e, 0x76, 0x69, 0x72, 0x6f,
  0x6e, 0x6d, 0x65, 0x6e, 0x74, 0x20, 0x76, 0x61,
  0x72, 0x69, 0x61, 0x62, 0x6c, 0x65, 0x73, 0x20,
  0x74, 0x6f, 0x20, 0x62, 0x65, 0x20, 0x75, 0x73,
  0x65, 0x64, 0x20, 0x66, 0x6f, 0x72, 0x20, 0x63,
  0x68, 0x61, 0x72, 0x61, 0x63, 0x74, 0x65, 0x72,
  0x20, 0x6d, 0x61, 0x70, 0x20, 0x66, 0x69, 0x6c,
  0x65, 0x73, 0x2e, 0x0a, 0x09, 0x45, 0x6e, 0x76,
  0x56, 0x61, 0x72, 0x73, 0x5b, 0x5d, 0x20, 0x3d,
  0x20, 0x43, 0x4d, 0x41, 0x50, 0x46, 0x4f, 0x4e,
  0x54, 0x53, 0x0a, 0x09, 0x45, 0x6e, 0x76, 0x56,
  0x61, 0x72, 0x73, 0x5b, 0x5d, 0x20, 0x3d, 0x20,
  0x54, 0x45, 0x58, 0x46, 0x4f, 0x4e, 0x54, 0x53,
  0x0a, 0x0a, 0x5b, 0x43, 0x6f, 0x72, 0x65, 0x2e,
  0x46, 0x69, 0x6c, 0x65, 0x54, 0x79, 0x70, 0x65,
  0x73, 0x2e, 0x63, 0x77, 0x65, 0x62, 0x5d, 0x0a,
  0x0a, 0x09, 0x3b, 0x3b, 0x20, 0x53, 0x65, 0x61,
  0x72, 0x63, 0x68, 0x20, 0x70, 0x61, 0x74, 0x68,
  0x20, 0x66, 0x6f, 0x72, 0x20, 0x43, 0x57, 0x65,
  0x62, 0x20, 0x69, 0x6e, 0x70, 0x75, 0x74, 0x20,
  0x66, 0x69, 0x6c, 0x65, 0x73, 0x2e, 0x0a, 0x09,
  0x50, 0x61, 0x74, 0x68, 0x73, 0x5b, 0x5d, 0x20,
  0x3d, 0x20, 0x2e, 0x0a, 0x09, 0x50, 0x61, 0x74,
  0x68, 0x73, 0x5b, 0x5d, 0x20, 0x3d, 0x20, 0x25,
  0x52, 0x2f, 0x63, 0x77, 0x65, 0x62, 0x2f, 0x2f,
  0x0a, 0x0a, 0x09, 0x3b, 0x3b, 0x20, 0x45, 0x6e,
  0x76, 0x69, 0x72, 0x6f, 0x6e, 0x6d, 0x65, 0x6e,
  0x74, 0x20, 0x76, 0x61, 0x72, 0x69, 0x61, 0x62,
  0x6c, 0x65, 0x73, 0x20, 0x74, 0x6f, 0x20, 0x62,
  0x65, 0x20, 0x75, 0x73, 0x65, 0x64, 0x20, 0x66,
  0x6f, 0x72, 0x20, 0x73, 0x65, 0x61, 0x72, 0x63,
  0x68, 0x69, 0x6e, 0x67, 0x20, 0x43, 0x77, 0x65,
  0x62, 0x20, 0x69, 0x6e, 0x70, 0x75, 0x74, 0x0a,
  0x09, 0x3b, 0x3b, 0x20, 0x66, 0x69, 0x6c, 0x65,
  0x73, 0x2e, 0x0a, 0x09, 0x45, 0x6e, 0x76, 0x56,
  0x61, 0x72, 0x73, 0x5b, 0x5d, 0x20, 0x3d, 0x20,
  0x43, 0x57, 0x45, 0x42, 0x49, 0x4e, 0x50, 0x55,
  0x54, 0x53, 0x0a, 0x0a, 0x09, 0x3b, 0x3b, 0x20,
  0x43, 0x57, 0x65, 0x62, 0x20, 0x66, 0x69, 0x6c,
  0x65, 0x20, 0x6e, 0x61, 0x6d, 0x65, 0x20, 0x65,
  0x78, 0x74, 0x65, 0x6e, 0x73, 0x69, 0x6f, 0x6e,
  0x73, 0x2e, 0x0a, 0x09, 0x45, 0x78, 0x74, 0x65,
  0x6e, 0x73, 0x69, 0x6f, 0x6e, 0x73, 0x5b, 0x5d,
  0x20, 0x3d, 0x20, 0x2e, 0x77, 0x0a, 0x0a, 0x5b,
  0x43, 0x6f, 0x72, 0x65, 0x2e, 0x46, 0x69, 0x6c,
  0x65, 0x54, 0x79, 0x70, 0x65, 0x73, 0x2e, 0x64,
  0x76, 0x69, 0x5d, 0x0a, 0x0a, 0x09, 0x3b, 0x3b,
  0x20, 0x53, 0x65, 0x61, 0x72, 0x63, 0x68, 0x20,
  0x70, 0x61, 0x74, 0x68, 0x20, 0x66, 0x6f, 0x72,
  0x20, 0x44, 0x56, 0x49, 0x20, 0x66, 0x69, 0x6c,
  0x65, 0x73, 0x2e, 0x0a, 0x09, 0x50, 0x61, 0x74,
  0x68, 0x73, 0x5b, 0x5d, 0x20, 0x3d, 0x20, 0x2e,
  0x0a, 0x09, 0x50, 0x61, 0x74, 0x68, 0x73, 0x5b,
  0x5d, 0x20, 0x3d, 0x20, 0x25, 0x52, 0x2f, 0x64,
  0x6f, 0x63, 0x2f, 0x2f, 0x0a, 0x0a, 0x09, 0x3b,
  0x3b, 0x20, 0x44, 0x56, 0x49, 0x20, 0x66, 0x69,
  0x6c, 0x65, 0x20, 0x6e, 0x61, 0x6d, 0x65, 0x20,
  0x65, 0x78, 0x74, 0x65, 0x6e, 0x73, 0x69, 0x6f,
  0x6e, 0x73, 0x2e, 0x0a, 0x09, 0x45, 0x78, 0x74,
  0x65, 0x6e, 0x73, 0x69, 0x6f, 0x6e, 0x73, 0x5b,
  0x5d, 0x20, 0x3d, 0x20, 0x2e, 0x64, 0x76, 0x69,
  0x0a, 0x0a, 0x5b, 0x43, 0x6f, 0x72, 0x65, 0x2e,
  0x46, 0x69, 0x6c, 0x65, 0x54, 0x79, 0x70, 0x65,
  0x73, 0x2e, 0x64, 0x76, 0x69, 0x70, 0x73, 0x20,
  0x63, 0x6f, 0x6e, 0x66, 0x69, 0x67, 0x5d, 0x0a,
  0x0a, 0x09, 0x3b, 0x3b, 0x20, 0x53, 0x65, 0x61,
  0x72, 0x63, 0x68, 0x20, 0x70, 0x61, 0x74, 0x68,
  0x20, 0x66, 0x6f, 0x72, 0x20, 0x44, 0x76, 0x69,
  0x70, 0x73, 0x20, 0x63, 0x6f, 0x6e, 0x66, 0x69,
  0x67, 0x75, 0x72, 0x61, 0x74, 0x69, 0x6f, 0x6e,
  0x20, 0x66, 0x69, 0x6c, 0x65, 0x73, 0x2e, 0x0a,
  0x09, 0x50, 0x61, 0x74, 0x68, 0x73, 0x5b, 0x5d,
  0x20, 0x3d, 0x20, 0x2e, 0x0a, 0x09, 0x50, 0x61,
  0x74, 0x68, 0x73, 0x5b, 0x5d, 0x20, 0x3d, 0x20,
  0x25, 0x52, 0x2f, 0x64, 0x76, 0x69, 0x70, 0x73,
  0x2f, 0x2f, 0x0a, 0x0a, 0x09, 0x3b, 0x3b, 0x20,
  0x45, 0x6e, 0x76, 0x69, 0x72, 0x6f, 0x6e, 0x6d,
  0x65, 0x6e, 0x74, 0x20, 0x76, 0x61, 0x72, 0x69,
  0x61, 0x62, 0x6c, 0x65, 0x73, 0x20, 0x74, 0x6f,
  0x20, 0x62, 0x65, 0x20, 0x75, 0x73, 0x65, 0x64,
  0x20, 0x66, 0x6f, 0x72, 0x20, 0x73, 0x65, 0x61,
  0x72, 0x63, 0x68, 0x69, 0x6e, 0x67, 0x20, 0x44,
  0x76, 0x69, 0x70, 0x73, 0x0a, 0x09, 0x3b, 0x3b,
  0x20, 0x63, 0x6f, 0x6e, 0x66, 0x69, 0x67, 0x75,
  0x72, 0x61, 0x74, 0x69, 0x6f, 0x6e, 0x20, 0x66,
  0x69, 0x6c, 0x65, 0x73, 0x2e, 0x0a, 0x09, 0x45,
  0x6e, 0x76, 0x56, 0x61, 0x72, 0x73, 0x5b, 0x5d,
  0x20, 0x3d, 0x20, 0x54, 0x45, 0x58, 0x43, 0x4f,
  0x4e, 0x46, 0x49, 0x47, 0x0a, 0x0a, 0x5b, 0x43,
  0x6f, 0x72, 0x65, 0x2e, 0x46, 0x69, 0x6c, 0x65,
  0x54, 0x79, 0x70, 0x65, 0x73, 0x2e, 0x65, 0x6e,
  0x63, 0x5d, 0x0a, 0x0a, 0x09, 0x3b, 0x3b, 0x20,
  0x53, 0x65, 0x61, 0x72, 0x63, 0x68, 0x20, 0x70,
  0x61, 0x74, 0x68, 0x20, 0x66, 0x6f, 0x72, 0x20,
  0x65, 0x6e, 0x63, 0x6f, 0x64, 0x69, 0x6e, 0x67,
  0x20, 0x76, 0x65, 0x63, 0x74, 0x6f, 0x72, 0x20,
  0x66, 0x69, 0x6c, 0x65, 0x73, 0x2e, 0x0a, 0x09,
  0x50, 0x61, 0x74, 0x68, 0x73, 0x5b, 0x5d, 0x20,
  0x3d, 0x20, 0x2e, 0x0a, 0x09, 0x50, 0x61, 0x74,
  0x68, 0x73, 0x5b, 0x5d, 0x20, 0x3d, 0x20, 0x25,
  0x52, 0x2f, 0x66, 0x6f, 0x6e, 0x74, 0x73, 0x2f,
  0x65, 0x6e, 0x63, 0x2f, 0x2f, 0x0a, 0x0a, 0x09,
  0x3b, 0x3b, 0x20, 0x45, 0x6e, 0x76, 0x69, 0x72,
  0x6f, 0x6e, 0x6d, 0x65, 0x6e, 0x74, 0x20, 0x76,
  0x61, 0x72, 0x69, 0x61, 0x62, 0x6c, 0x65, 0x73,
  0x20, 0x74, 0x6f, 0x20, 0x62, 0x65, 0x20, 0x75,
  0x73, 0x65, 0x64, 0x20, 0x66, 0x6f, 0x72, 0x20,
  0x73, 0x65, 0x61, 0x72, 0x63, 0x68, 0x69, 0x6e,
  0x67, 0x20, 0x65, 0x6e, 0x63, 0x6f, 0x64, 0x69,
  0x6e, 0x67, 0x0a, 0x09, 0x3b, 0x3b, 0x20, 0x76,
  0x65, 0x63, 0x74, 0x6f, 0x72, 0x20, 0x66, 0x69,
  0x6c, 0x65, 0x73, 0x2e, 0x0a, 0x09, 0x45, 0x6e,
  0x76, 0x56, 0x61, 0x72, 0x73, 0x5b, 0x5d, 0x20,
  0x3d, 0x20, 0x45, 0x4e, 0x43, 0x46, 0x4f, 0x4e,
  0x54, 0x53, 0x0a, 0x09, 0x45, 0x6e, 0x76, 0x56,
  0x61, 0x72, 0x73, 0x5b, 0x5d, 0x20, 0x3d, 0x20,
  0x54, 0x45, 0x58, 0x46, 0x4f, 0x4e, 0x54, 0x53,
  0x0a, 0x0a, 0x09, 0x3b, 0x3b, 0x20, 0x45, 0x6e,
  0x63, 0x6f, 0x64, 0x69, 0x6e, 0x67, 0x20, 0x76,
  0x65, 0x63, 0x74, 0x6f, 0x72, 0x20, 0x66, 0x69,
  0x6c, 0x65, 0x20, 0x6e, 0x61, 0x6d, 0x65, 0x20,
  0x65, 0x78, 0x74, 0x65, 0x6e, 0x73, 0x69, 0x6f,
  0x6e, 0x73, 0x2e, 0x0a, 0x09, 0x45, 0x78, 0x74,
  0x65, 0x6e, 0x73, 0x69, 0x6f, 0x6e, 0x73, 0x5b,
  0x5d, 0x20, 0x3d, 0x20, 0x2e, 0x65, 0x6e, 0x63,
  0x0a, 0x0a, 0x5b, 0x43, 0x6f, 0x72, 0x65, 0x2e,
  0x46, 0x69, 0x6c, 0x65, 0x54, 0x79, 0x70, 0x65,
  0x73, 0x2e, 0x66, 0x6f, 0x6e, 0x74, 0x20, 0x66,
  0x65, 0x61, 0x74, 0x75, 0x72, 0x65, 0x20, 0x66,
  0x69, 0x6c, 0x65, 0x73, 0x5d, 0x0a, 0x0a, 0x09,
  0x3b, 0x3b, 0x20, 0x53, 0x65, 0x61, 0x72, 0x63,
  0x68, 0x20, 0x70, 0x61, 0x74, 0x68, 0x20, 0x66,
  0x6f, 0x72, 0x20, 0x66, 0x6f, 0x6e, 0x74, 0x20,
  0x66, 0x65, 0x61, 0x74, 0x75, 0x72, 0x65, 0x20,
  0x66, 0x69, 0x6c, 0x65, 0x73, 0x2e, 0x0a, 0x09,
  0x50, 0x61, 0x74, 0x68, 0x73, 0x5b, 0x5d, 0x20,
  0x3d, 0x20, 0x2e, 0x0a, 0x09, 0x50, 0x61, 0x74,
  0x68, 0x73, 0x5b, 0x5d, 0x20, 0x3d, 0x20, 0x25,
  0x52, 0x2f, 0x66, 0x6f, 0x6e, 0x74, 0x73, 0x2f,
  0x66, 0x65, 0x61, 0x2f, 0x2f, 0x0a, 0x0a, 0x09,
  0x3b, 0x3b, 0x20, 0x45, 0x6e, 0x76, 0x69, 0x72,
  0x6f, 0x6e, 0x6d, 0x65, 0x6e, 0x74, 0x20, 0x76,
  0x61, 0x72, 0x69, 0x61, 0x62, 0x6c, 0x65, 0x73,
  0x20, 0x74, 0x6f, 0x20, 0x62, 0x65, 0x20, 0x75,
  0x73, 0x65, 0x64, 0x20, 0x66, 0x6f, 0x72, 0x20,
  0x73, 0x65, 0x61, 0x72, 0x63, 0x68, 0x69, 0x6e,
  0x67, 0x20, 0x66, 0x6f, 0x6e, 0x74, 0x20, 0x66,
  0x65, 0x61, 0x74, 0x75, 0x72, 0x65, 0x0a, 0x09,
  0x3b, 0x3b, 0x20, 0x66, 0x69, 0x6c, 0x65, 0x73,
  0x2e, 0x0a, 0x09, 0x45, 0x6e, 0x76, 0x56, 0x61,
  0x72, 0x73, 0x5b, 0x5d, 0x20, 0x3d, 0x20, 0x46,
  0x4f, 0x4e, 0x54, 0x46, 0x45, 0x41, 0x54, 0x55,
  0x52, 0x45, 0x53, 0x0a, 0x0a, 0x09, 0x3b, 0x3b,
  0x20, 0x46, 0x6f, 0x6e, 0x74, 0x20, 0x66, 0x65,
  0x61, 0x74, 0x75, 0x72, 0x65, 0x20, 0x66, 0x69,
  0x6c, 0x65, 0x20, 0x6e, 0x61, 0x6d, 0x65, 0x20,
  0x65, 0x78, 0x74, 0x65, 0x6e, 0x73, 0x69, 0x6f,
  0x6e, 0x73, 0x2e, 0x0a, 0x09, 0x45, 0x78, 0x74,
  0x65, 0x6e, 0x73, 0x69, 0x6f, 0x6e, 0x73, 0x5b,
  0x5d, 0x20, 0x3d, 0x20, 0x2e, 0x66, 0x65, 0x61,
  0x0a, 0x0a, 0x5b, 0x43, 0x6f, 0x72, 0x65, 0x2e,
  0x46, 0x69, 0x6c, 0x65, 0x54, 0x79, 0x70, 0x65,
  0x73, 0x2e, 0x66, 0x6d, 0x74, 0x5d, 0x0a, 0x0a,
  0x09, 0x3b, 0x3b, 0x20, 0x53, 0x65, 0x61, 0x72,
  0x63, 0x68, 0x20, 0x70, 0x61, 0x74, 0x68, 0x20,
  0x66, 0x6f, 0x72, 0x20, 0x54, 0x65, 0x58, 0x20,
  0x6d, 0x65, 0x6d, 0x6f, 0x72, 0x79, 0x20, 0x64,
  0x75, 0x6d, 0x70, 0x20, 0x66, 0x69, 0x6c, 0x65,
  0x73, 0x2e, 0x0a, 0x09, 0x50, 0x61, 0x74, 0x68,
  0x73, 0x5b, 0x5d, 0x20, 0x3d, 0x20, 0x2e, 0x0a,
  0x09, 0x50, 0x61, 0x74, 0x68, 0x73, 0x5b, 0x5d,
  0x20, 0x3d, 0x20, 0x25, 0x72, 0x2f, 0x6d, 0x69,
  0x6b, 0x74, 0x65, 0x78, 0x2f, 0x64, 0x61, 0x74,
  0x61, 0x2f, 0x6c, 0x65, 0x2f, 0x7b, 0x24, 0x65,
  0x6e, 0x67, 0x69, 0x6e, 0x65, 0x2c, 0x7d, 0x0a,
  0x0a, 0x09, 0x3b, 0x3b, 0x20, 0x54, 0x65, 0x58,
  0x20, 0x6d, 0x65, 0x6d, 0x6f, 0x72, 0x79, 0x20,
  0x64, 0x75, 0x6d, 0x70, 0x20, 0x66, 0x69, 0x6c,
  0x65, 0x20, 0x6e, 0x61, 0x6d, 0x65, 0x20, 0x65,
  0x78, 0x74, 0x65, 0x6e, 0x73, 0x69, 0x6f, 0x6e,
  0x73, 0x2e, 0x0a, 0x09, 0x45, 0x78, 0x74, 0x65,
  0x6e, 0x73, 0x69, 0x6f, 0x6e, 0x73, 0x5b, 0x5d,
  0x20, 0x3d, 0x20, 0x2e, 0x66, 0x6d, 0x74, 0x0a,
  0x0a, 0x5b, 0x43, 0x6f, 0x72, 0x65, 0x2e, 0x46,
  0x69, 0x6c, 0x65, 0x54, 0x79, 0x70, 0x65, 0x73,
  0x2e, 0x67, 0x66, 0x5d, 0x0a, 0x0a, 0x09, 0x3b,
  0x3b, 0x20, 0x53, 0x65, 0x61, 0x72, 0x63, 0x68,
  0x20, 0x70, 0x61, 0x74, 0x68, 0x20, 0x66, 0x6f,
  0x72, 0x20, 0x67, 0x65, 0x6e, 0x65, 0x72, 0x69,
  0x63, 0x20, 0x66, 0x6f, 0x6e, 0x74, 0x20, 0x62,
  0x69, 0x74, 0x6d, 0x61, 0x70, 0x20, 0x66, 0x69,
  0x6c, 0x65, 0x73, 0x2e, 0x0a, 0x09, 0x50, 0x61,
  0x74, 0x68, 0x73, 0x5b, 0x5d, 0x20, 0x3d, 0x20,
  0x2e, 0x0a, 0x09, 0x50, 0x61, 0x74, 0x68, 0x73,
  0x5b, 0x5d, 0x20, 0x3d, 0x20, 0x25, 0x52, 0x2f,
  0x66, 0x6f, 0x6e, 0x74, 0x73, 0x2f, 0x2f, 0x0a,
  0x0a, 0x09, 0x3b, 0x3b, 0x20, 0x45, 0x6e, 0x76,
  0x69, 0x72, 0x6f, 0x6e, 0x6d, 0x65, 0x6e, 0x74,
  0x20, 0x76, 0x61, 0x72, 0x69, 0x61, 0x62, 0x6c,
  0x65, 0x73, 0x20, 0x74, 0x6f, 0x20, 0x62, 0x65,
  0x20, 0x75, 0x73, 0x65, 0x64, 0x20, 0x66, 0x6f,
  0x72, 0x20, 0x73, 0x65, 0x61, 0x72, 0x63, 0x68,
  0x69, 0x6e, 0x67, 0x20, 0x67, 0x65, 0x6e, 0x65,
  0x72, 0x69, 0x63, 0x20, 0x66, 0x6f, 0x6e, 0x74,
  0x0a, 0x09, 0x3b, 0x3b, 0x20, 0x62, 0x69, 0x74,
  0x6d, 0x61, 0x70, 0x20, 0x66, 0x69, 0x6c, 0x65,
  0x73, 0x2e, 0x0a, 0x09, 0x45, 0x6e, 0x76, 0x56,
  0x61, 0x72, 0x73, 0x5b, 0x5d, 0x20, 0x3d, 0x20,
  0x47, 0x46, 0x46, 0x4f, 0x4e, 0x54, 0x53, 0x0a,
  0x09, 0x45, 0x6e, 0x76, 0x56, 0x61, 0x72, 0x73,
  0x5b, 0x5d, 0x20, 0x3d, 0x20, 0x47, 0x4c, 0x59,
  0x50, 0x48, 0x46, 0x4f, 0x4e, 0x54, 0x53, 0x0a,
  0x09, 0x45, 0x6e, 0x76, 0x56, 0x61, 0x72, 0x73,
  0x5b, 0x5d, 0x20, 0x3d, 0x20, 0x54, 0x45, 0x58,
  0x46, 0x4f, 0x4e, 0x54, 0x53, 0x0a, 0x0a, 0x09,
  0x3b, 0x3b, 0x20, 0x47, 0x65, 0x6e, 0x65, 0x72,
  0x69, 0x63, 0x20, 0x66, 0x6f, 0x6e, 0x74, 0x20,
  0x62, 0x69, 0x74, 0x6d, 0x61, 0x70, 0x20, 0x66,
  0x69, 0x6c, 0x65, 0x20, 0x6e, 0x61, 0x6d, 0x65,
  0x20, 0x65, 0x78, 0x74, 0x65, 0x6e, 0x73, 0x69,
  0x6f, 0x6e, 0x73, 0x2e, 0x0a, 0x09, 0x45, 0x78,
  0x74, 0x65, 0x6e, 0x73, 0x69, 0x6f, 0x6e, 0x73,
  0x5b, 0x5d, 0x20, 0x3d, 0x20, 0x2e, 0x67, 0x66,
  0x0a, 0x0a, 0x5b, 0x43, 0x6f, 0x72, 0x65, 0x2e,
  0x46, 0x69, 0x6c, 0x65, 0x54, 0x79, 0x70, 0x65,
  0x73, 0x2e, 0x62, 0x69, 0x74, 0x6d, 0x61, 0x70,
  0x20, 0x66, 0x6f, 0x6e, 0x74, 0x5d, 0x0a, 0x0a,
  0x09, 0x3b, 0x3b, 0x20, 0x53, 0x65, 0x61, 0x72,
  0x63, 0x68, 0x20, 0x70, 0x61, 0x74, 0x68, 0x20,
  0x66, 0x6f, 0x72, 0x20, 0x62, 0x69, 0x74, 0x6d,
  0x61, 0x70, 0x20, 0x66, 0x6f, 0x6e, 0x74, 0x20,
  0x66, 0x69, 0x6c, 0x65, 0x73, 0x2e, 0x0a, 0x09,
  0x50, 0x61, 0x74, 0x68, 0x73, 0x5b, 0x5d, 0x20,
  0x3d, 0x20, 0x2e, 0x0a, 0x09, 0x50, 0x61, 0x74,
  0x68, 0x73, 0x5b, 0x5d, 0x20, 0x3d, 0x20, 0x25,
  0x52, 0x2f, 0x66, 0x6f, 0x6e, 0x74, 0x73, 0x2f,
  0x2f, 0x0a, 0x0a, 0x09, 0x3b, 0x3b, 0x20, 0x45,
  0x6e, 0x76, 0x69, 0x72, 0x6f, 0x6e, 0x6d, 0x65,
  0x6e, 0x74, 0x20, 0x76, 0x61, 0x72, 0x69, 0x61,
  0x62, 0x6c, 0x65, 0x73, 0x20, 0x74, 0x6f, 0x20,
  0x62, 0x65, 0x20, 0x75, 0x73, 0x65, 0x64, 0x20,
  0x66, 0x6f, 0x72, 0x20, 0x73, 0x65, 0x61, 0x72,
  0x63, 0x68, 0x69, 0x6e, 0x67, 0x20, 0x62, 0x69,
  0x74, 0x6d, 0x61, 0x70, 0x20, 0x66, 0x6f, 0x6e,
  0x74, 0x0a, 0x09, 0x3b, 0x3b, 0x20, 0x66, 0x69,
  0x6c, 0x65, 0x73, 0x2e, 0x0a, 0x09, 0x45, 0x6e,
  0x76, 0x56, 0x61, 0x72, 0x73, 0x5b, 0x5d, 0x20,
  0x3d, 0x20, 0x47, 0x4c, 0x59, 0x50, 0x48, 0x46,
  0x4f, 0x4e, 0x54, 0x53, 0x0a, 0x09, 0x45, 0x6e,
  0x76, 0x56, 0x61, 0x72, 0x73, 0x5b, 0x5d, 0x20,
  0x3d, 0x20, 0x54, 0x45, 0x58, 0x46, 0x4f, 0x4e,
  0x54, 0x53, 0x0a, 0x0a, 0x5b, 0x43, 0x6f, 0x72,
  0x65, 0x2e, 0x46, 0x69, 0x6c, 0x65, 0x54, 0x79,
  0x70, 0x65, 0x73, 0x2e, 0x67, 0x72, 0x61, 0x70,
  0x68, 0x69, 0x63, 0x2f, 0x66, 0x69, 0x67, 0x75,
  0x72, 0x65, 0x5d, 0x0a, 0x0a, 0x09, 0x3b, 0x3b,
  0x20, 0x53, 0x65, 0x61, 0x72, 0x63, 0x68, 0x20,
  0x70, 0x61, 0x74, 0x68, 0x20, 0x66, 0x6f, 0x72,
  0x20, 0x66, 0x69, 0x67, 0x75, 0x72, 0x65, 0x20,
  0x66, 0x69, 0x6c, 0x65, 0x73, 0x2e, 0x0a, 0x09,
  0x50, 0x61, 0x74, 0x68, 0x73, 0x5b, 0x5d, 0x20,
  0x3d, 0x20, 0x2e, 0x0a, 0x09, 0x50, 0x61, 0x74,
  0x68, 0x73, 0x5b, 0x5d, 0x20, 0x3d, 0x20, 0x25,
  0x52, 0x2f, 0x64, 0x76, 0x69, 0x70, 0x73, 0x2f,
  0x2f, 0x0a, 0x09, 0x50, 0x61, 0x74, 0x68, 0x73,
  0x5b, 0x5d, 0x20, 0x3d, 0x20, 0x25, 0x52, 0x2f,
  0x70, 0x64, 0x66, 0x74, 0x65, 0x78, 0x2f, 0x2f,
  0x0a, 0x09, 0x50, 0x61, 0x74, 0x68, 0x73, 0x5b,
  0x5d, 0x20, 0x3d, 0x20, 0x25, 0x52, 0x2f, 0x74,
  0x65, 0x78, 0x2f, 0x2f, 0x0a, 0x0a, 0x09, 0x3b,
  0x3b, 0x20, 0x45, 0x6e, 0x76, 0x69, 0x72, 0x6f,
  0x6e, 0x6d, 0x65, 0x6e, 0x74, 0x20, 0x76, 0x61,
  0x72, 0x69, 0x61, 0x62, 0x6c, 0x65, 0x73, 0x20,
  0x74, 0x6f, 0x20, 0x62, 0x65, 0x20, 0x75, 0x73,
  0x65, 0x64, 0x20, 0x66, 0x6f, 0x72, 0x20, 0x73,
  0x65, 0x61, 0x72, 0x63, 0x68, 0x69, 0x6e, 0x67,
  0x20, 0x66, 0x69, 0x67, 0x75, 0x72, 0x65, 0x0a,
  0x09, 0x3b, 0x3b, 0x20, 0x66, 0x69, 0x6c, 0x65,
  0x73, 0x2e, 0x0a, 0x09, 0x45, 0x6e, 0x76, 0x56,
  0x61, 0x72, 0x73, 0x5b, 0x5d, 0x20, 0x3d, 0x20,
  0x54, 0x45, 0x58, 0x50, 0x49, 0x43, 0x54, 0x53,
  0x0a, 0x09, 0x45, 0x6e, 0x76, 0x56, 0x61, 0x72,
  0x73, 0x5b, 0x5d, 0x20, 0x3d, 0x20, 0x54, 0x45,
  0x58, 0x49, 0x4e, 0x50, 0x55, 0x54, 0x53, 0x0a,
  0x0a, 0x09, 0x3b, 0x3b, 0x20, 0x46, 0x69, 0x67,
  0x75, 0x72, 0x65, 0x20, 0x66, 0x69, 0x6c, 0x65,
  0x20, 0x6e, 0x61, 0x6d, 0x65, 0x20, 0x65, 0x78,
  0x74, 0x65, 0x6e, 0x73, 0x69, 0x6f, 0x6e, 0x73,
  0x2e, 0x0a, 0x09, 0x45, 0x78, 0x74, 0x65, 0x6e,
  0x73, 0x69, 0x6f, 0x6e, 0x73, 0x5b, 0x5d, 0x20,
  0x3d, 0x20, 0x2e, 0x65, 0x70, 0x73, 0x0a, 0x09,
  0x45, 0x78, 0x74, 0x65, 0x6e, 0x73, 0x69, 0x6f,
  0x6e, 0x73, 0x5b, 0x5d, 0x20, 0x3d, 0x20, 0x2e,
  0x65, 0x70, 0x73, 0x69, 0x0a, 0x09, 0x45, 0x78,
  0x74, 0x65, 0x6e, 0x73, 0x69, 0x6f, 0x6e, 0x73,
  0x5b, 0x5d, 0x20, 0x3d, 0x20, 0x2e, 0x70, 0x6e,
  0x67, 0x0a, 0x0a, 0x5b, 0x43, 0x6f, 0x72, 0x65,
  0x2e, 0x46, 0x69, 0x6c, 0x65, 0x54, 0x79, 0x70,
  0x65, 0x73, 0x2e, 0x68, 0x62, 0x66, 0x5d, 0x0a,
  0x0a, 0x09, 0x3b, 0x3b, 0x20, 0x53, 0x65, 0x61,
  0x72, 0x63, 0x68, 0x20, 0x70, 0x61, 0x74, 0x68,
  0x20, 0x66, 0x6f, 0x72, 0x20, 0x48, 0x42, 0x46,
  0x20, 0x66, 0x69, 0x6c, 0x65, 0x73, 0x2e, 0x0a,
  0x09, 0x50, 0x61, 0x74, 0x68, 0x73, 0x5b, 0x5d,
  0x20, 0x3d, 0x20, 0x2e, 0x0a, 0x09, 0x50, 0x61,
  0x74, 0x68, 0x73, 0x5b, 0x5d, 0x20, 0x3d, 0x20,
  0x25, 0x52, 0x2f, 0x66, 0x6f, 0x6e, 0x74, 0x73,
  0x2f, 0x6d, 0x69, 0x73, 0x63, 0x2f, 0x68, 0x62,
  0x66, 0x2f, 0x2f, 0x0a, 0x0a, 0x09, 0x3b, 0x3b,
  0x20, 0x48, 0x42, 0x46, 0x20, 0x66, 0x69, 0x6c,
  0x65, 0x20, 0x6e, 0x61, 0x6d, 0x65, 0x20, 0x65,
  0x78, 0x74, 0x65, 0x6e, 0x73, 0x69, 0x6f, 0x6e,
  0x73, 0x2e, 0x0a, 0x09, 0x45, 0x78, 0x74, 0x65,
  0x6e, 0x73, 0x69, 0x6f, 0x6e, 0x73, 0x5b, 0x5d,
  0x20, 0x3d, 0x20, 0x2e, 0x68, 0x62, 0x66, 0x0a,
  0x0a, 0x5b, 0x43, 0x6f, 0x72, 0x65, 0x2e, 0x46,
  0x69, 0x6c, 0x65, 0x54, 0x79, 0x70, 0x65, 0x73,
  0x2e, 0x69, 0x73, 0x74, 0x5d, 0x0a, 0x0a, 0x09,
  0x3b, 0x3b, 0x20, 0x53, 0x65, 0x61, 0x72, 0x63,
  0x68, 0x20, 0x70, 0x61, 0x74, 0x68, 0x20, 0x66,
  0x6f, 0x72, 0x20, 0x4d, 0x61, 0x6b, 0x65, 0x49,
  0x6e, 0x64, 0x65, 0x78, 0x20, 0x73, 0x74, 0x79,
  0x6c, 0x65, 0x20, 0x66, 0x69, 0x6c, 0x65, 0x73,
  0x2e, 0x0a, 0x09, 0x50, 0x61, 0x74, 0x68, 0x73,
  0x5b, 0x5d, 0x20, 0x3d, 0x20, 0x2e, 0x0a, 0x09,
  0x50, 0x61, 0x74, 0x68, 0x73, 0x5b, 0x5d, 0x20,
  0x3d, 0x20, 0x25, 0x52, 0x2f, 0x6d, 0x61, 0x6b,
  0x65, 0x69, 0x6e, 0x64, 0x65, 0x78, 0x2f, 0x2f,
  0x0a, 0x0a, 0x09, 0x3b, 0x3b, 0x20, 0x45, 0x6e,
  0x76, 0x69, 0x72, 0x6f, 0x6e, 0x6d, 0x65, 0x6e,
  0x74, 0x20, 0x76, 0x61, 0x72, 0x69, 0x61, 0x62,
  0x6c, 0x65, 0x73, 0x20, 0x74, 0x6f, 0x20, 0x62,
  0x65, 0x20, 0x75, 0x73, 0x65, 0x64, 0x20, 0x66,
  0x6f, 0x72, 0x20, 0x73, 0x65, 0x61, 0x72, 0x63,
  0x68, 0x69, 0x6e, 0x67, 0x20, 0x4d, 0x61, 0x6b,
  0x65, 0x49, 0x6e, 0x64, 0x65, 0x78, 0x0a, 0x09,
  0x3b, 0x3b, 0x20, 0x73, 0x74, 0x79, 0x6c, 0x65,
  0x20, 0x66, 0x69, 0x6c, 0x65, 0x73, 0x2e, 0x0a,
  0x09, 0x45, 0x6e, 0x76, 0x56, 0x61, 0x72, 0x73,
  0x5b, 0x5d, 0x20, 0x3d, 0x20, 0x54, 0x45, 0x58,
  0x49, 0x4e, 0x44, 0x45, 0x58, 0x53, 0x54, 0x59,
  0x4c, 0x45, 0x0a, 0x09, 0x45, 0x6e, 0x76, 0x56,
  0x61, 0x72, 0x73, 0x5b, 0x5d, 0x20, 0x3d, 0x20,
  0x49, 0x4e, 0x44, 0x45, 0x58, 0x53, 0x54, 0x59,
  0x4c, 0x45, 0x0a, 0x0a, 0x09, 0x3b, 0x3b, 0x20,
  0x4d, 0x61, 0x6b, 0x65, 0x49, 0x6e, 0x64, 0x65,
  0x78, 0x20, 0x73, 0x74, 0x79, 0x6c, 0x65, 0x20,
  0x66, 0x69, 0x6c, 0x65, 0x20, 0x6e, 0x61, 0x6d,
  0x65, 0x20, 0x65, 0x78, 0x74, 0x65, 0x6e, 0x73,
  0x69, 0x6f, 0x6e, 0x73, 0x2e, 0x0a, 0x09, 0x45,
  0x78, 0x74, 0x65, 0x6e, 0x73, 0x69, 0x6f, 0x6e,
  0x73, 0x5b, 0x5d, 0x20, 0x3d, 0x20, 0x2e, 0x69,
  0x73, 0x74, 0x0a, 0x0a, 0x5b, 0x43, 0x6f, 0x72,
  0x65, 0x2e, 0x46, 0x69, 0x6c, 0x65, 0x54, 0x79,
  0x70, 0x65, 0x73, 0x2e, 0x6c, 0x69, 0x67, 0x20,
  0x66, 0x69, 0x6c, 0x65, 0x73, 0x5d, 0x0a, 0x0a,
  0x09, 0x3b, 0x3b, 0x20, 0x53, 0x65, 0x61, 0x72,
  0x63, 0x68, 0x20, 0x70, 0x61, 0x74, 0x68, 0x20,
  0x66, 0x6f, 0x72, 0x20, 0x6c, 0x69, 0x67, 0x61,
  0x74, 0x75, 0x72, 0x65, 0x20, 0x64, 0x65, 0x66,
  0x69, 0x6e, 0x69, 0x74, 0x69, 0x6f, 0x6e, 0x20,
  0x66, 0x69, 0x6c, 0x65, 0x73, 0x2e, 0x0a, 0x09,
  0x50, 0x61, 0x74, 0x68, 0x73, 0x5b, 0x5d, 0x20,
  0x3d, 0x20, 0x2e, 0x0a, 0x09, 0x50, 0x61, 0x74,
  0x68, 0x73, 0x5b, 0x5d, 0x20, 0x3d, 0x20, 0x25,
  0x52, 0x2f, 0x66, 0x6f, 0x6e, 0x74, 0x73, 0x2f,
  0x6c, 0x69, 0x67, 0x2f, 0x2f, 0x0a, 0x0a, 0x09,
  0x3b, 0x3b, 0x20, 0x45, 0x6e, 0x76, 0x69, 0x72,
  0x6f, 0x6e, 0x6d, 0x65, 0x6e, 0x74, 0x20, 0x76,
  0x61, 0x72, 0x69, 0x61, 0x62, 0x6c, 0x65, 0x73,
  0x20, 0x74, 0x6f, 0x20, 0x62, 0x65, 0x20, 0x75,
  0x73, 0x65, 0x64, 0x20, 0x66, 0x6f, 0x72, 0x20,
  0x73, 0x65, 0x61, 0x72, 0x63, 0x68, 0x69, 0x6e,
  0x67, 0x20, 0x6c, 0x69, 0x67, 0x61, 0x74, 0x75,
  0x72, 0x65, 0x0a, 0x09, 0x3b, 0x3b, 0x20, 0x64,
  0x65, 0x66, 0x69, 0x6e, 0x69, 0x74, 0x69, 0x6f,
  0x6e, 0x20, 0x66, 0x69, 0x6c, 0x65, 0x73, 0x2e,
  0x0a, 0x09, 0x45, 0x6e, 0x76, 0x56, 0x61, 0x72,
  0x73, 0x5b, 0x5d, 0x20, 0x3d, 0x20, 0x54, 0x45,
  0x58, 0x46, 0x4f, 0x4e, 0x54, 0x53, 0x0a, 0x0a,
  0x09, 0x3b, 0x3b, 0x20, 0x4c, 0x69, 0x67, 0x61,
  0x74, 0x75, 0x72, 0x65, 0x20, 0x64, 0x65, 0x66,
  0x69, 0x6e, 0x69, 0x74, 0x69, 0x6f, 0x6e, 0x20,
  0x66, 0x69, 0x6c, 0x65, 0x20, 0x6e, 0x61, 0x6d,
  0x65, 0x20, 0x65, 0x78, 0x74, 0x65, 0x6e, 0x73,
  0x69, 0x6f, 0x6e, 0x73, 0x2e, 0x0a, 0x09, 0x45,
  0x78, 0x74, 0x65, 0x6e, 0x73, 0x69, 0x6f, 0x6e,
  0x73, 0x5b, 0x5d, 0x20, 0x3d, 0x20, 0x2e, 0x6c,
  0x69, 0x67, 0x0a, 0x0a, 0x5b, 0x43, 0x6f, 0x72,
  0x65, 0x2e, 0x46, 0x69, 0x6c, 0x65, 0x54, 0x79,
  0x70, 0x65, 0x73, 0x2e, 0x6c, 0x73, 0x2d, 0x52,
  0x5d, 0x0a, 0x0a, 0x09, 0x3b, 0x3b, 0x20, 0x53,
  0x65, 0x61, 0x72, 0x63, 0x68, 0x20, 0x70, 0x61,
  0x74, 0x68, 0x20, 0x66, 0x6f, 0x72, 0x20, 0x57,
  0x65, 0x62, 0x32, 0x63, 0x20, 0x66, 0x69, 0x6c,
  0x65, 0x20, 0x6e, 0x61, 0x6d, 0x65, 0x20, 0x64,
  0x61, 0x74, 0x61, 0x62, 0x61, 0x73, 0x65, 0x20,
  0x66, 0x69, 0x6c, 0x65, 0x73, 0x2e, 0x0a, 0x09,
  0x50, 0x61, 0x74, 0x68, 0x73, 0x5b, 0x5d, 0x20,
  0x3d, 0x20, 0x25, 0x52, 0x0a, 0x0a, 0x09, 0x3b,
  0x3b, 0x20, 0x45, 0x6e, 0x76, 0x69, 0x72, 0x6f,
  0x6e, 0x6d, 0x65, 0x6e, 0x74, 0x20, 0x76, 0x61,
  0x72, 0x69, 0x61, 0x62, 0x6c, 0x65, 0x73, 0x20,
  0x74, 0x6f, 0x20, 0x62, 0x65, 0x20, 0x75, 0x73,
  0x65, 0x64, 0x20, 0x66, 0x6f, 0x72, 0x20, 0x73,
  0x65, 0x61, 0x72, 0x63, 0x68, 0x69, 0x6e, 0x67,
  0x20, 0x57, 0x65, 0x62, 0x32, 0x43, 0x20, 0x66,
  0x69, 0x6c, 0x65, 0x0a, 0x09, 0x3b, 0x3b, 0x20,
  0x6e, 0x61, 0x6d, 0x65, 0x20, 0x64, 0x61, 0x74,
  0x61, 0x62, 0x61, 0x73, 0x65, 0x20, 0x66, 0x69,
  0x6c, 0x65, 0x73, 0x2e, 0x0a, 0x09, 0x45, 0x6e,
  0x76, 0x56, 0x61, 0x72, 0x73, 0x5b, 0x5d, 0x20,
  0x3d, 0x20, 0x54, 0x45, 0x58, 0x4d, 0x46, 0x44,
  0x42, 0x53, 0x0a, 0x0a, 0x5b, 0x43, 0x6f, 0x72,
  0x65, 0x2e, 0x46, 0x69, 0x6c, 0x65, 0x54, 0x79,
  0x70, 0x65, 0x73, 0x2e, 0x6c, 0x75, 0x61, 0x5d,
  0x0a, 0x0a, 0x09, 0x3b, 0x3b, 0x20, 0x53, 0x65,
  0x61, 0x72, 0x63, 0x68, 0x20, 0x70, 0x61, 0x74,
  0x68, 0x20, 0x66, 0x6f, 0x72, 0x20, 0x4c, 0x75,
  0x61, 0x20, 0x66, 0x69, 0x6c, 0x65, 0x73, 0x2e,
  0x0a, 0x09, 0x50, 0x61, 0x74, 0x68, 0x73, 0x5b,
  0x5d, 0x20, 0x3d, 0x20, 0x2e, 0x0a, 0x09, 0x50,
  0x61, 0x74, 0x68, 0x73, 0x5b, 0x5d, 0x20, 0x3d,
  0x20, 0x25, 0x52, 0x2f, 0x73, 0x63, 0x72, 0x69,
  0x70, 0x74, 0x73, 0x2f, 0x7b, 0x24, 0x70, 0x72,
  0x6f, 0x67, 0x6e, 0x61, 0x6d, 0x65, 0x2c, 0x24,
  0x65, 0x6e, 0x67, 0x69, 0x6e, 0x65, 0x2c, 0x7d,
  0x2f, 0x7b, 0x6c, 0x75, 0x61, 0x2c, 0x7d, 0x2f,
  0x2f, 0x0a, 0x09, 0x50, 0x61, 0x74, 0x68, 0x73,
  0x5b, 0x5d, 0x20, 0x3d, 0x20, 0x25, 0x52, 0x2f,
  0x74, 0x65, 0x78, 0x2f, 0x7b, 0x24, 0x70, 0x72,
  0x6f, 0x67, 0x6e, 0x61, 0x6d, 0x65, 0x2c, 0x67,
  0x65, 0x6e, 0x65, 0x72, 0x69, 0x63, 0x2c, 0x7d,
  0x2f, 0x2f, 0x0a, 0x0a, 0x09, 0x3b, 0x3b, 0x20,
  0x45, 0x6e, 0x76, 0x69, 0x72, 0x6f, 0x6e, 0x6d,
  0x65, 0x6e, 0x74, 0x20, 0x76, 0x61, 0x72, 0x69,
  0x61, 0x62, 0x6c, 0x65, 0x73, 0x20, 0x74, 0x6f,
  0x20, 0x62, 0x65, 0x20, 0x75, 0x73, 0x65, 0x64,
  0x20, 0x66, 0x6f, 0x72, 0x20, 0x73, 0x65, 0x61,
  0x72, 0x63, 0x68, 0x69, 0x6e, 0x67, 0x20, 0x4c,
  0x75, 0x61, 0x20, 0x66, 0x69, 0x6c, 0x65, 0x73,
  0x2e, 0x0a, 0x09, 0x45, 0x6e, 0x76, 0x56, 0x61,
  0x72, 0x73, 0x5b, 0x5d, 0x20, 0x3d, 0x20, 0x4c,
  0x55, 0x41, 0x49, 0x4e, 0x50, 0x55, 0x54, 0x53,
  0x0a, 0x0a, 0x09, 0x3b, 0x3b, 0x20, 0x46, 0x69,
  0x6c, 0x65, 0x20, 0x6e, 0x61, 0x6d, 0x65, 0x20,
  0x65, 0x78, 0x74, 0x65, 0x6e, 0x73, 0x69, 0x6f,
  0x6e, 0x73, 0x20, 0x66, 0x6f, 0x72, 0x20, 0x4c,
  0x75, 0x61, 0x20, 0x66, 0x69, 0x6c, 0x65, 0x73,
  0x2e, 0x0a, 0x09, 0x45, 0x78, 0x74, 0x65, 0x6e,
  0x73, 0x69, 0x6f, 0x6e, 0x73, 0x5b, 0x5d, 0x20,
  0x3d, 0x20, 0x2e, 0x6c, 0x75, 0x61, 0x0a, 0x09,
  0x45, 0x78, 0x74, 0x65, 0x6e, 0x73, 0x69, 0x6f,
  0x6e, 0x73, 0x5b, 0x5d, 0x20, 0x3d, 0x20, 0x2e,
  0x6c, 0x75, 0x61, 0x74, 0x65, 0x78, 0x0a, 0x09,
  0x45, 0x78, 0x74, 0x65, 0x6e, 0x73, 0x69, 0x6f,
  0x6e, 0x73, 0x5b, 0x5d, 0x20, 0x3d, 0x20, 0x2e,
  0x6c, 0x75, 0x63, 0x0a, 0x09, 0x45, 0x78, 0x74,
  0x65, 0x6e, 0x73, 0x69, 0x6f, 0x6e, 0x73, 0x5b,
  0x5d, 0x20, 0x3d, 0x20, 0x2e, 0x6c, 0x75, 0x63,
  0x74, 0x65, 0x78, 0x0a, 0x09, 0x45, 0x78, 0x74,
  0x65, 0x6e, 0x73, 0x69, 0x6f, 0x6e, 0x73, 0x5b,
  0x5d, 0x20, 0x3d, 0x20, 0x2e, 0x74, 0x65, 0x78,
  0x6c, 0x75, 0x61, 0x0a, 0x09, 0x45, 0x78, 0x74,
  0x65, 0x6e, 0x73, 0x69, 0x6f, 0x6e, 0x73, 0x5b,
  0x5d, 0x20, 0x3d, 0x20, 0x2e, 0x74, 0x65, 0x78,
  0x6c, 0x75, 0x63, 0x0a, 0x09, 0x45, 0x78, 0x74,
  0x65, 0x6e, 0x73, 0x69, 0x6f, 0x6e, 0x73, 0x5b,
  0x5d, 0x20, 0x3d, 0x20, 0x2e, 0x74, 0x6c, 0x75,
  0x0a, 0x0a, 0x5b, 0x43, 0x6f, 0x72, 0x65, 0x2e,
  0x46, 0x69, 0x6c, 0x65, 0x54, 0x79, 0x70, 0x65,
  0x73, 0x2e, 0x6d, 0x61, 0x70, 0x5d, 0x0a, 0x0a,
  0x09, 0x3b, 0x3b, 0x20, 0x53, 0x65, 0x61, 0x72,
  0x63, 0x68, 0x20, 0x70, 0x61, 0x74, 0x68, 0x20,
  0x66, 0x6f, 0x72, 0x20, 0x66, 0x6f, 0x6e, 0x74,
  0x20, 0x6d, 0x61, 0x70, 0x20, 0x66, 0x69, 0x6c,
  0x65, 0x73, 0x2e, 0x0a, 0x09, 0x50, 0x61, 0x74,
  0x68, 0x73, 0x5b, 0x5d, 0x20, 0x3d, 0x20, 0x2e,
  0x0a, 0x09, 0x50, 0x61, 0x74, 0x68, 0x73, 0x5b,
  0x5d, 0x20, 0x3d, 0x20, 0x25, 0x52, 0x2f, 0x66,
  0x6f, 0x6e, 0x74, 0x73, 0x2f, 0x6d, 0x61, 0x70,
  0x2f, 0x7b, 0x24, 0x70, 0x72, 0x6f, 0x67, 0x6e,
  0x61, 0x6d, 0x65, 0x2c, 0x70, 0x64, 0x66, 0x74,
  0x65, 0x78, 0x2c, 0x64, 0x76, 0x69, 0x70, 0x73,
  0x2c, 0x7d, 0x2f, 0x2f, 0x0a, 0x0a, 0x09, 0x3b,
  0x3b, 0x20, 0x45, 0x6e, 0x76, 0x69, 0x72, 0x6f,
  0x6e, 0x6d, 0x65, 0x6e, 0x74, 0x20, 0x76, 0x61,
  0x72, 0x69, 0x61, 0x62, 0x6c, 0x65, 0x73, 0x20,
  0x74, 0x6f, 0x20, 0x62, 0x65, 0x20, 0x75, 0x73,
  0x65, 0x64, 0x20, 0x66, 0x6f, 0x72, 0x20, 0x73,
  0x65, 0x61, 0x72, 0x63, 0x68, 0x69, 0x6e, 0x67,
  0x20, 0x66, 0x6f, 0x6e, 0x74, 0x20, 0x6d, 0x61,
  0x70, 0x0a, 0x09, 0x3b, 0x3b, 0x20, 0x66, 0x69,
  0x6c, 0x65, 0x73, 0x2e, 0x0a, 0x09, 0x45, 0x6e,
  0x76, 0x56, 0x61, 0x72, 0x73, 0x5b, 0x5d, 0x20,
  0x3d, 0x20, 0x54, 0x45, 0x58, 0x46, 0x4f, 0x4e,
  0x54, 0x4d, 0x41, 0x50, 0x53, 0x0a, 0x09, 0x45,
  0x6e, 0x76, 0x56, 0x61, 0x72, 0x73, 0x5b, 0x5d,
  0x20, 0x3d, 0x20, 0x54, 0x45, 0x58, 0x46, 0x4f,
  0x4e, 0x54, 0x53, 0x0a, 0x0a, 0x09, 0x3b, 0x3b,
  0x20, 0x46, 0x6f, 0x6e, 0x74, 0x20, 0x6d, 0x61,
  0x70, 0x20, 0x66, 0x69, 0x6c, 0x65, 0x20, 0x6e,
  0x61, 0x6d, 0x65, 0x20, 0x65, 0x78, 0x74, 0x65,
  0x6e, 0x73, 0x69, 0x6f, 0x6e, 0x73, 0x2e, 0x0a,
  0x09, 0x45, 0x78, 0x74, 0x65, 0x6e, 0x73, 0x69,
  0x6f, 0x6e, 0x73, 0x5b, 0x5d, 0x20, 0x3d, 0x20,
  0x2e, 0x6d, 0x61, 0x70, 0x0a, 0x0a, 0x5b, 0x43,
  0x6f, 0x72, 0x65, 0x2e, 0x46, 0x69, 0x6c, 0x65,
  0x54, 0x79, 0x70, 0x65, 0x73, 0x2e, 0x6d, 0x65,
  0x6d, 0x5d, 0x0a, 0x0a, 0x09, 0x3b, 0x3b, 0x20,
  0x53, 0x65, 0x61, 0x72, 0x63, 0x68, 0x20, 0x70,
  0x61, 0x74, 0x68, 0x20, 0x66, 0x6f, 0x72, 0x20,
  0x4d, 0x65, 0x74, 0x61, 0x50, 0x6f, 0x73, 0x74,
  0x20, 0x6d, 0x65, 0x6d, 0x6f, 0x72, 0x79, 0x20,
  0x64, 0x75, 0x6d, 0x70, 0x20, 0x66, 0x69, 0x6c,
  0x65, 0x73, 0x2e, 0x0a, 0x09, 0x50, 0x61, 0x74,
  0x68, 0x73, 0x5b, 0x5d, 0x20, 0x3d, 0x20, 0x2e,
  0x0a, 0x0a, 0x09, 0x3b, 0x3b, 0x20, 0x4d, 0x65,
  0x74, 0x61, 0x50, 0x6f, 0x73, 0x74, 0x20, 0x6d,
  0x65, 0x6d, 0x6f, 0x72, 0x79, 0x20, 0x64, 0x75,
  0x6d, 0x70, 0x20, 0x66, 0x69, 0x6c, 0x65, 0x20,
  0x6e, 0x61, 0x6d, 0x65, 0x20, 0x65, 0x78, 0x74,
  0x65, 0x6e, 0x73, 0x69, 0x6f, 0x6e, 0x73, 0x2e,
  0x0a, 0x09, 0x45, 0x78, 0x74, 0x65, 0x6e, 0x73,
  0x69, 0x6f, 0x6e, 0x73, 0x5b, 0x5d, 0x20, 0x3d,
  0x20, 0x2e, 0x6d, 0x65, 0x6d, 0x0a, 0x0a, 0x5b,
  0x43, 0x6f, 0x72, 0x65, 0x2e, 0x46, 0x69, 0x6c,
  0x65, 0x54, 0x79, 0x70, 0x65, 0x73, 0x2e, 0x6d,
  0x66, 0x5d, 0x0a, 0x0a, 0x09, 0x3b, 0x3b, 0x20,
  0x53, 0x65, 0x61, 0x72, 0x63, 0x68, 0x20, 0x70,
  0x61, 0x74, 0x68, 0x20, 0x66, 0x6f, 0x72, 0x20,
  0x4d, 0x45, 0x54, 0x41, 0x46, 0x4f, 0x4e, 0x54,
  0x20, 0x69, 0x6e, 0x70, 0x75, 0x74, 0x20, 0x66,
  0x69, 0x6c, 0x65, 0x73, 0x2e, 0x0a, 0x09, 0x50,
  0x61, 0x74, 0x68, 0x73, 0x5b, 0x5d, 0x20, 0x3d,
  0x20, 0x2e, 0x0a, 0x09, 0x50, 0x61, 0x74, 0x68,
  0x73, 0x5b, 0x5d, 0x20, 0x3d, 0x20, 0x25, 0x52,
  0x2f, 0x6d, 0x65, 0x74, 0x61, 0x66, 0x6f, 0x6e,
  0x74, 0x2f, 0x2f, 0x0a, 0x09, 0x50, 0x61, 0x74,
  0x68, 0x73, 0x5b, 0x5d, 0x20, 0x3d, 0x20, 0x25,
  0x52, 0x2f, 0x66, 0x6f, 0x6e, 0x74, 0x73, 0x2f,
  0x73, 0x6f, 0x75, 0x72, 0x63, 0x65, 0x2f, 0x2f,
  0x0a, 0x0a, 0x09, 0x3b, 0x3b, 0x20, 0x45, 0x6e,
  0x76, 0x69, 0x72, 0x6f, 0x6e, 0x6d, 0x65, 0x6e,
  0x74, 0x20, 0x76, 0x61, 0x72, 0x69, 0x61, 0x62,
  0x6c, 0x65, 0x73, 0x20, 0x74, 0x6f, 0x20, 0x62,
  0x65, 0x20, 0x75, 0x73, 0x65, 0x64, 0x20, 0x66,
  0x6f, 0x72, 0x20, 0x73, 0x65, 0x61, 0x72, 0x63,
  0x68, 0x69, 0x6e, 0x67, 0x20, 0x4d, 0x45, 0x54,
  0x41, 0x46, 0x4f, 0x4e, 0x54, 0x0a, 0x09, 0x3b,
  0x3b, 0x20, 0x69, 0x6e, 0x70, 0x75, 0x74, 0x20,
  0x66, 0x69, 0x6c, 0x65, 0x73, 0x2e, 0x0a, 0x09,
  0x45, 0x6e, 0x76, 0x56, 0x61, 0x72, 0x73, 0x5b,
  0x5d, 0x20, 0x3d, 0x20, 0x4d, 0x46, 0x49, 0x4e,
  0x50, 0x55, 0x54, 0x53, 0x0a, 0x0a, 0x09, 0x3b,
  0x3b, 0x20, 0x4d, 0x45, 0x54, 0x41, 0x46, 0x4f,
  0x4e, 0x54, 0x20, 0x66, 0x69, 0x6c, 0x65, 0x20,
  0x6e, 0x61, 0x6d, 0x65, 0x20, 0x65, 0x78, 0x74,
  0x65, 0x6e, 0x73, 0x69, 0x6f, 0x6e, 0x73, 0x2e,
  0x0a, 0x09, 0x45, 0x78, 0x74, 0x65, 0x6e, 0x73,
  0x69, 0x6f, 0x6e, 0x73, 0x5b, 0x5d, 0x20, 0x3d,
  0x20, 0x2e, 0x6d, 0x66, 0x0a, 0x0a, 0x5b, 0x43,
  0x6f, 0x72, 0x65, 0x2e, 0x46, 0x69, 0x6c, 0x65,
  0x54, 0x79, 0x70, 0x65, 0x73, 0x2e, 0x6d, 0x66,
  0x70, 0x6f, 0x6f, 0x6c, 0x5d, 0x0a, 0x0a, 0x09,
  0x3b, 0x3b, 0x20, 0x53, 0x65, 0x61, 0x72, 0x63,
  0x68, 0x20, 0x70, 0x61, 0x74, 0x68, 0x20, 0x66,
  0x6f, 0x72, 0x20, 0x4d, 0x45, 0x54, 0x41, 0x46,
  0x4f, 0x4e, 0x54, 0x20, 0x70, 0x72, 0x6f, 0x67,
  0x72, 0x61, 0x6d, 0x20, 0x73, 0x74, 0x72, 0x69,
  0x6e, 0x67, 0x20, 0x66, 0x69, 0x6c, 0x65, 0x73,
  0x2e, 0x0a, 0x09, 0x50, 0x61, 0x74, 0x68, 0x73,
  0x5b, 0x5d, 0x20, 0x3d, 0x20, 0x2e, 0x0a, 0x0a,
  0x09, 0x3b, 0x3b, 0x20, 0x45, 0x6e, 0x76, 0x69,
  0x72, 0x6f, 0x6e, 0x6d, 0x65, 0x6e, 0x74, 0x20,
  0x76, 0x61, 0x72, 0x69, 0x61, 0x62, 0x6c, 0x65,
  0x73, 0x20, 0x74, 0x6f, 0x20, 0x62, 0x65, 0x20,
  0x75, 0x73, 0x65, 0x64, 0x20, 0x66, 0x6f, 0x72,
  0x20, 0x73, 0x65, 0x61, 0x72, 0x63, 0x68, 0x69,
  0x6e, 0x67, 0x20, 0x4d, 0x45, 0x54, 0x41, 0x46,
  0x4f, 0x4e, 0x54, 0x0a, 0x09, 0x3b, 0x3b, 0x20,
  0x70, 0x72, 0x6f, 0x67, 0x72, 0x61, 0x6d, 0x20,
  0x73, 0x74, 0x72, 0x69, 0x6e, 0x67, 0x20, 0x66,
  0x69, 0x6c, 0x65, 0x73, 0x2e, 0x0a, 0x09, 0x45,
  0x6e, 0x76, 0x56, 0x61, 0x72, 0x73, 0x5b, 0x5d,
  0x20, 0x3d, 0x20, 0x4d, 0x46, 0x50, 0x4f, 0x4f,
  0x4c, 0x0a, 0x09, 0x45, 0x6e, 0x76, 0x56, 0x61,
  0x72, 0x73, 0x5b, 0x5d, 0x20, 0x3d, 0x20, 0x54,
  0x45, 0x58, 0x4d, 0x46, 0x49, 0x4e, 0x49, 0x0a,
  0x0a, 0x09, 0x3b, 0x3b, 0x20, 0x4d, 0x45, 0x54,
  0x41, 0x46, 0x4f, 0x4e, 0x54, 0x20, 0x70, 0x72,
  0x6f, 0x67, 0x72, 0x61, 0x6d, 0x20, 0x73, 0x74,
  0x72, 0x69, 0x6e, 0x67, 0x20, 0x66, 0x69, 0x6c,
  0x65, 0x20, 0x6e, 0x61, 0x6d, 0x65, 0x20, 0x65,
  0x78, 0x74, 0x65, 0x6e, 0x73, 0x69, 0x6f, 0x6e,
  0x73, 0x2e, 0x0a, 0x09, 0x45, 0x78, 0x74, 0x65,
  0x6e, 0x73, 0x69, 0x6f, 0x6e, 0x73, 0x5b, 0x5d,
  0x20, 0x3d, 0x20, 0x2e, 0x70, 0x6f, 0x6f, 0x6c,
  0x0a, 0x0a, 0x5b, 0x43, 0x6f, 0x72, 0x65, 0x2e,
  0x46, 0x69, 0x6c, 0x65, 0x54, 0x79, 0x70, 0x65,
  0x73, 0x2e, 0x6d, 0x66, 0x74, 0x5d, 0x0a, 0x0a,
  0x09, 0x3b, 0x3b, 0x20, 0x53, 0x65, 0x61, 0x72,
  0x63, 0x68, 0x20, 0x70, 0x61, 0x74, 0x68, 0x20,
  0x66, 0x6f, 0x72, 0x20, 0x4d, 0x46, 0x54, 0x20,
  0x73, 0x74, 0x79, 0x6c, 0x65, 0x20, 0x66, 0x69,
  0x6c, 0x65, 0x73, 0x2e, 0x0a, 0x09, 0x50, 0x61,
  0x74, 0x68, 0x73, 0x5b, 0x5d, 0x20, 0x3d, 0x20,
  0x2e, 0x0a, 0x09, 0x50, 0x61, 0x74, 0x68, 0x73,
  0x5b, 0x5d, 0x20, 0x3d, 0x20, 0x25, 0x52, 0x2f,
  0x6d, 0x66, 0x74, 0x2f, 0x2f, 0x0a, 0x0a, 0x09,
  0x3b, 0x3b, 0x20, 0x45, 0x6e, 0x76, 0x69, 0x72,
  0x6f, 0x6e, 0x6d, 0x65, 0x6e, 0x74, 0x20, 0x76,
  0x61, 0x72, 0x69, 0x61, 0x62, 0x6c, 0x65, 0x73,
  0x20, 0x74, 0x6f, 0x20, 0x62, 0x65, 0x20, 0x75,
  0x73, 0x65, 0x64, 0x20, 0x66, 0x6f, 0x72, 0x20,
  0x73, 0x65, 0x61, 0x72, 0x63, 0x68, 0x69, 0x6e,
  0x67, 0x20, 0x4d, 0x46, 0x54, 0x20, 0x73, 0x74,
  0x79, 0x6c, 0x65, 0x0a, 0x09, 0x3b, 0x3b, 0x20,
  0x66, 0x69, 0x6c, 0x65, 0x73, 0x2e, 0x0a, 0x09,
  0x45, 0x6e, 0x76, 0x56, 0x61, 0x72, 0x73, 0x5b,
  0x5d, 0x20, 0x3d, 0x20, 0x4d, 0x46, 0x54, 0x49,
  0x4e, 0x50, 0x55, 0x54, 0x53, 0x0a, 0x0a, 0x09,
  0x3b, 0x3b, 0x20, 0x4d, 0x46, 0x54, 0x20, 0x73,
  0x74, 0x79, 0x6c, 0x65, 0x20, 0x66, 0x69, 0x6c,
  0x65, 0x20, 0x6e, 0x61, 0x6d, 0x65, 0x20, 0x65,
  0x78, 0x74, 0x65, 0x6e, 0x73, 0x69, 0x6f, 0x6e,
  0x73, 0x2e, 0x0a, 0x09, 0x45, 0x78, 0x74, 0x65,
  0x6e, 0x73, 0x69, 0x6f, 0x6e, 0x73, 0x5b, 0x5d,
  0x20, 0x3d, 0x20, 0x2e, 0x6d, 0x66, 0x74, 0x0a,
  0x0a, 0x5b, 0x43, 0x6f, 0x72, 0x65, 0x2e, 0x46,
  0x69, 0x6c, 0x65, 0x54, 0x79, 0x70, 0x65, 0x73,
  0x2e, 0x6d, 0x69, 0x73, 0x63, 0x20, 0x66, 0x6f,
  0x6e, 0x74, 0x73, 0x5d, 0x0a, 0x0a, 0x09, 0x3b,
  0x3b, 0x20, 0x53, 0x65, 0x61, 0x72, 0x63, 0x68,
  0x20, 0x70, 0x61, 0x74, 0x68, 0x20, 0x66, 0x6f,
  0x72, 0x20, 0x66, 0x6f, 0x6e, 0x74, 0x20, 0x72,
  0x65, 0x6c, 0x61, 0x74, 0x65, 0x64, 0x20, 0x66,
  0x69, 0x6c, 0x65, 0x73, 0x2e, 0x0a, 0x09, 0x50,
  0x61, 0x74, 0x68, 0x73, 0x5b, 0x5d, 0x20, 0x3d,
  0x20, 0x2e, 0x0a, 0x09, 0x50, 0x61, 0x74, 0x68,
  0x73, 0x5b, 0x5d, 0x20, 0x3d, 0x20, 0x25, 0x52,
  0x2f, 0x66, 0x6f, 0x6e, 0x74, 0x73, 0x2f, 0x6d,
  0x69, 0x73, 0x63, 0x2f, 0x2f, 0x0a, 0x0a, 0x09,
  0x3b, 0x3b, 0x20, 0x45, 0x6e, 0x76, 0x69, 0x72,
  0x6f, 0x6e, 0x6d, 0x65, 0x6e, 0x74, 0x20, 0x76,
  0x61, 0x72, 0x69, 0x61, 0x62, 0x6c, 0x65, 0x73,
  0x20, 0x74, 0x6f, 0x20, 0x62, 0x65, 0x20, 0x75,
  0x73, 0x65, 0x64, 0x20, 0x66, 0x6f, 0x72, 0x20,
  0x66, 0x6f, 0x6e, 0x74, 0x20, 0x72, 0x65, 0x6c,
  0x61, 0x74, 0x65, 0x64, 0x0a, 0x09, 0x3b, 0x3b,
  0x20, 0x66, 0x69, 0x6c, 0x65, 0x73, 0x2e, 0x0a,
  0x09, 0x45, 0x6e, 0x76, 0x56, 0x61, 0x72, 0x73,
  0x5b, 0x5d, 0x20, 0x3d, 0x20, 0x4d, 0x49, 0x53,
  0x43, 0x46, 0x4f, 0x4e, 0x54, 0x53, 0x0a, 0x09,
  0x45, 0x6e, 0x76, 0x56, 0x61, 0x72, 0x73, 0x5b,
  0x5d, 0x20, 0x3d, 0x20, 0x54, 0x45, 0x58, 0x46,
  0x4f, 0x4e, 0x54, 0x53, 0x0a, 0x0a, 0x5b, 0x43,
  0x6f, 0x72, 0x65, 0x2e, 0x46, 0x69, 0x6c, 0x65,
  0x54, 0x79, 0x70, 0x65, 0x73, 0x2e, 0x6d, 0x6c,
  0x62, 0x69, 0x62, 0x5d, 0x0a, 0x0a, 0x09, 0x3b,
  0x3b, 0x20, 0x53, 0x65, 0x61, 0x72, 0x63, 0x68,
  0x20, 0x70, 0x61, 0x74, 0x68, 0x20, 0x66, 0x6f,
  0x72, 0x20, 0x4d, 0x6c, 0x42, 0x69, 0x62, 0x54,
  0x65, 0x58, 0x20, 0x64, 0x61, 0x74, 0x61, 0x62,
  0x61, 0x73, 0x65, 0x20, 0x66, 0x69, 0x6c, 0x65,
  0x73, 0x2e, 0x0a, 0x09, 0x50, 0x61, 0x74, 0x68,
  0x73, 0x5b, 0x5d, 0x20, 0x3d, 0x20, 0x2e, 0x0a,
  0x09, 0x50, 0x61, 0x74, 0x68, 0x73, 0x5b, 0x5d,
  0x20, 0x3d, 0x20, 0x25, 0x52, 0x2f, 0x62, 0x69,
  0x62, 0x74, 0x65, 0x78, 0x2f, 0x62, 0x69, 0x62,
  0x2f, 0x7b, 0x6d, 0x6c, 0x62, 0x69, 0x62, 0x2c,
  0x7d, 0x2f, 0x2f, 0x0a, 0x0a, 0x09, 0x3b, 0x3b,
  0x20, 0x45, 0x6e, 0x76, 0x69, 0x72, 0x6f, 0x6e,
  0x6d, 0x65, 0x6e, 0x74, 0x20, 0x76, 0x61, 0x72,
  0x69, 0x61, 0x62, 0x6c, 0x65, 0x73, 0x20, 0x74,
  0x6f, 0x20, 0x62, 0x65, 0x20, 0x75, 0x73, 0x65,
  0x64, 0x20, 0x66, 0x6f, 0x72, 0x20, 0x73, 0x65,
  0x61, 0x72, 0x63, 0x68, 0x69, 0x6e, 0x67, 0x20,
  0x4d, 0x6c, 0x42, 0x69, 0x62, 0x54, 0x65, 0x58,
  0x0a, 0x09, 0x3b, 0x3b, 0x20, 0x64, 0x61, 0x74,
  0x61, 0x62, 0x73, 0x61, 0x65, 0x20, 0x66, 0x69,
  0x6c, 0x65, 0x73, 0x2e, 0x0a, 0x09, 0x45, 0x6e,
  0x76, 0x56, 0x61, 0x72, 0x73, 0x5b, 0x5d, 0x20,
  0x3d, 0x20, 0x4d, 0x4c, 0x42, 0x49, 0x42, 0x49,
  0x4e, 0x50, 0x55, 0x54, 0x53, 0x0a, 0x09, 0x45,
  0x6e, 0x76, 0x56, 0x61, 0x72, 0x73, 0x5b, 0x5d,
  0x20, 0x3d, 0x20, 0x42, 0x49, 0x42, 0x49, 0x4e,
  0x50, 0x55, 0x54, 0x53, 0x0a, 0x09, 0x45, 0x6e,
  0x76, 0x56, 0x61, 0x72, 0x73, 0x5b, 0x5d, 0x20,
  0x3d, 0x20, 0x54, 0x45, 0x58, 0x42, 0x49, 0x42,
  0x0a, 0x0a, 0x09, 0x3b, 0x3b, 0x20, 0x4d, 0x6c,
  0x42, 0x69, 0x62, 0x54, 0x65, 0x58, 0x20, 0x64,
  0x61, 0x74, 0x61, 0x62, 0x61, 0x73, 0x65, 0x20,
  0x66, 0x69, 0x6c, 0x65, 0x20, 0x6e, 0x61, 0x6d,
  0x65, 0x20, 0x65, 0x78, 0x74, 0x65, 0x6e, 0x73,
  0x69, 0x6f, 0x6e, 0x73, 0x2e, 0x0a, 0x09, 0x45,
  0x78, 0x74, 0x65, 0x6e, 0x73, 0x69, 0x6f, 0x6e,
  0x73, 0x5b, 0x5d, 0x20, 0x3d, 0x20, 0x2e, 0x6d,
  0x6c, 0x62, 0x69, 0x62, 0x0a, 0x09, 0x45, 0x78,
  0x74, 0x65, 0x6e, 0x73, 0x69, 0x6f, 0x6e, 0x73,
  0x5b, 0x5d, 0x20, 0x3d, 0x20, 0x2e, 0x62, 0x69,
  0x62, 0x0a, 0x0a, 0x5b, 0x43, 0x6f, 0x72, 0x65,
  0x2e, 0x46, 0x69, 0x6c, 0x65, 0x54, 0x79, 0x70,
  0x65, 0x73, 0x2e, 0x6d, 0x6c, 0x62, 0x73, 0x74,
  0x5d, 0x0a, 0x0a, 0x09, 0x3b, 0x3b, 0x20, 0x53,
  0x65, 0x61, 0x72, 0x63, 0x68, 0x20, 0x70, 0x61,
  0x74, 0x68, 0x20, 0x66, 0x6f, 0x72, 0x20, 0x4d,
  0x6c, 0x42, 0x69, 0x62, 0x54, 0x65, 0x58, 0x20,
  0x73, 0x74, 0x79, 0x6c, 0x65, 0x20, 0x66, 0x69,
  0x6c, 0x65, 0x73, 0x2e, 0x0a, 0x09, 0x50, 0x61,
  0x74, 0x68, 0x73, 0x5b, 0x5d, 0x20, 0x3d, 0x20,
  0x2e, 0x0a, 0x09, 0x50, 0x61, 0x74, 0x68, 0x73,
  0x5b, 0x5d, 0x20, 0x3d, 0x20, 0x25, 0x52, 0x2f,
  0x62, 0x69, 0x62, 0x74, 0x65, 0x78, 0x2f, 0x7b,
  0x6d, 0x6c, 0x62, 0x73, 0x74, 0x2c, 0x62, 0x73,
  0x74, 0x7d, 0x2f, 0x2f, 0x0a, 0x0a, 0x09, 0x3b,
  0x3b, 0x20, 0x45, 0x6e, 0x76, 0x69, 0x72, 0x6f,
  0x6e, 0x6d, 0x65, 0x6e, 0x74, 0x20, 0x76, 0x61,
  0x72, 0x69, 0x61, 0x62, 0x6c, 0x65, 0x73, 0x20,
  0x74, 0x6f, 0x20, 0x62, 0x65, 0x20, 0x75, 0x73,
  0x65, 0x64, 0x20, 0x66, 0x6f, 0x72, 0x20, 0x73,
  0x65, 0x61, 0x72, 0x63, 0x68, 0x69, 0x6e, 0x67,
  0x20, 0x4d, 0x6c, 0x42, 0x69, 0x62, 0x54, 0x65,
  0x58, 0x0a, 0x09, 0x3b, 0x3b, 0x20, 0x73, 0x74,
  0x79, 0x6c, 0x65, 0x20, 0x66, 0x69, 0x6c, 0x65,
  0x73, 0x2e, 0x0a, 0x09, 0x45, 0x6e, 0x76, 0x56,
  0x61, 0x72, 0x73, 0x5b, 0x5d, 0x20, 0x3d, 0x20,
  0x4d, 0x4c, 0x42, 0x53, 0x54, 0x49, 0x4e, 0x50,
  0x55, 0x54, 0x53, 0x0a, 0x09, 0x45, 0x6e, 0x76,
  0x56, 0x61, 0x72, 0x73, 0x5b, 0x5d, 0x20, 0x3d,
  0x20, 0x42, 0x53, 0x54, 0x49, 0x4e, 0x50, 0x55,
  0x54, 0x53, 0x0a, 0x0a, 0x09, 0x3b, 0x3b, 0x20,
  0x4d, 0x6c, 0x42, 0x69, 0x62, 0x54, 0x65, 0x58,
  0x20, 0x73, 0x74, 0x79, 0x6c, 0x65, 0x20, 0x66,
  0x69, 0x6c, 0x65, 0x20, 0x6e, 0x61, 0x6d, 0x65,
  0x20, 0x65, 0x78, 0x74, 0x65, 0x6e, 0x73, 0x69,
  0x6f, 0x6e, 0x73, 0x2e, 0x0a, 0x09, 0x45, 0x78,
  0x74, 0x65, 0x6e, 0x73, 0x69, 0x6f, 0x6e, 0x73,
  0x5b, 0x5d, 0x20, 0x3d, 0x20, 0x2e, 0x62, 0x73,
  0x74, 0x0a, 0x0a, 0x5b, 0x43, 0x6f, 0x72, 0x65,
  0x2e, 0x46, 0x69, 0x6c, 0x65, 0x54, 0x79, 0x70,
  0x65, 0x73, 0x2e, 0x6d, 0x70, 0x5d, 0x0a, 0x0a,
  0x09, 0x3b, 0x3b, 0x20, 0x53, 0x65, 0x61, 0x72,
  0x63, 0x68, 0x20, 0x70, 0x61, 0x74, 0x68, 0x20,
  0x66, 0x6f, 0x72, 0x20, 0x4d, 0x65, 0x74, 0x61,
  0x50, 0x6f, 0x73, 0x74, 0x20, 0x69, 0x6e, 0x70,
  0x75, 0x74, 0x20, 0x66, 0x69, 0x6c, 0x65, 0x73,
  0x2e, 0x0a, 0x09, 0x50, 0x61, 0x74, 0x68, 0x73,
  0x5b, 0x5d, 0x20, 0x3d, 0x20, 0x2e, 0x0a, 0x09,
  0x50, 0x61, 0x74, 0x68, 0x73, 0x5b, 0x5d, 0x20,
  0x3d, 0x20, 0x25, 0x52, 0x2f, 0x6d, 0x65, 0x74,
  0x61, 0x70, 0x6f, 0x73, 0x74, 0x2f, 0x2f, 0x0a,
  0x0a, 0x09, 0x3b, 0x3b, 0x20, 0x45, 0x6e, 0x76,
  0x69, 0x72, 0x6f, 0x6e, 0x6d, 0x65, 0x6e, 0x74,
  0x20, 0x76, 0x61, 0x72, 0x69, 0x61, 0x62, 0x6c,
  0x65, 0x73, 0x20, 0x74, 0x6f, 0x20, 0x62, 0x65,
  0x20, 0x75, 0x73, 0x65, 0x64, 0x20, 0x66, 0x6f,
  0x72, 0x20, 0x73, 0x65, 0x61, 0x72, 0x63, 0x68,
  0x69, 0x6e, 0x67, 0x20, 0x4d, 0x65, 0x74, 0x61,
  0x50, 0x6f, 0x73, 0x74, 0x0a, 0x09, 0x3b, 0x3b,
  0x20, 0x69, 0x6e, 0x70, 0x75, 0x74, 0x20, 0x66,
  0x69, 0x6c, 0x65, 0x73, 0x2e, 0x0a, 0x09, 0x45,
  0x6e, 0x76, 0x56, 0x61, 0x72, 0x73, 0x5b, 0x5d,
  0x20, 0x3d, 0x20, 0x4d, 0x50, 0x49, 0x4e, 0x50,
  0x55, 0x54, 0x53, 0x0a, 0x0a, 0x09, 0x3b, 0x3b,
  0x20, 0x4d, 0x65, 0x74, 0x61, 0x50, 0x6f, 0x73,
  0x74, 0x20, 0x66, 0x69, 0x6c, 0x65, 0x20, 0x6e,
  0x61, 0x6d, 0x65, 0x20, 0x65, 0x78, 0x74, 0x65,
  0x6e, 0x73, 0x69, 0x6f, 0x6e, 0x73, 0x2e, 0x0a,
  0x09, 0x45, 0x78, 0x74, 0x65, 0x6e, 0x73, 0x69,
  0x6f, 0x6e, 0x73, 0x5b, 0x5d, 0x20, 0x3d, 0x20,
  0x2e, 0x6d, 0x70, 0x0a, 0x0a, 0x5b, 0x43, 0x6f,
  0x72, 0x65, 0x2e, 0x46, 0x69, 0x6c, 0x65, 0x54,
  0x79, 0x70, 0x65, 0x73, 0x2e, 0x6d, 0x70, 0x70,
  0x6f, 0x6f, 0x6c, 0x5d, 0x0a, 0x0a, 0x09, 0x3b,
  0x3b, 0x20, 0x53, 0x65, 0x61, 0x72, 0x63, 0x68,
  0x20, 0x70, 0x61, 0x74, 0x68, 0x20, 0x66, 0x6f,
  0x72, 0x20, 0x4d, 0x65, 0x74, 0x61, 0x50, 0x6f,
  0x73, 0x74, 0x20, 0x70, 0x72, 0x6f, 0x67, 0x72,
  0x61, 0x6d, 0x20, 0x73, 0x74, 0x72, 0x69, 0x6e,
  0x67, 0x20, 0x66, 0x69, 0x6c, 0x65, 0x73, 0x2e,
  0x0a, 0x09, 0x50, 0x61, 0x74, 0x68, 0x73, 0x5b,
  0x5d, 0x20, 0x3d, 0x20, 0x2e, 0x0a, 0x0a, 0x09,
  0x3b, 0x3b, 0x20, 0x45, 0x6e, 0x76, 0x69, 0x72,
  0x6f, 0x6e, 0x6d, 0x65, 0x6e, 0x74, 0x20, 0x76,
  0x61, 0x72, 0x69, 0x61, 0x62, 0x6c, 0x65, 0x73,
  0x20, 0x74, 0x6f, 0x20, 0x62, 0x65, 0x20, 0x75,
  0x73, 0x65, 0x64, 0x20, 0x66, 0x6f, 0x72, 0x20,
  0x73, 0x65, 0x61, 0x72, 0x63, 0x68, 0x69, 0x6e,
  0x67, 0x20, 0x4d, 0x65, 0x74, 0x61, 0x50, 0x6f,
  0x73, 0x74, 0x0a, 0x09, 0x3b, 0x3b, 0x20, 0x70,
  0x72, 0x6f, 0x67, 0x72, 0x61, 0x6d, 0x20, 0x73,
  0x74, 0x72, 0x69, 0x6e, 0x67, 0x20, 0x66, 0x69,
  0x6c, 0x65, 0x73, 0x2e, 0x0a, 0x09, 0x45, 0x6e,
  0x76, 0x56, 0x61, 0x72, 0x73, 0x5b, 0x5d, 0x20,
  0x3d, 0x20, 0x4d, 0x50, 0x50, 0x4f, 0x4f, 0x4c,
  0x0a, 0x09, 0x45, 0x6e, 0x76, 0x56, 0x61, 0x72,
  0x73, 0x5b, 0x5d, 0x20, 0x3d, 0x20, 0x54, 0x45,
  0x58, 0x4d, 0x46, 0x49, 0x4e, 0x49, 0x0a, 0x0a,
  0x09, 0x3b, 0x3b, 0x20, 0x4d, 0x65, 0x74, 0x61,
  0x50, 0x6f, 0x73, 0x74, 0x20, 0x70, 0x72, 0x6f,
  0x67, 0x72, 0x61, 0x6d, 0x20, 0x73, 0x74, 0x72,
  0x69, 0x6e, 0x67, 0x20, 0x66, 0x69, 0x6c, 0x65,
  0x20, 0x6e, 0x61, 0x6d, 0x65, 0x20, 0x65, 0x78,
  0x74, 0x65, 0x6e, 0x73, 0x69, 0x6f, 0x6e, 0x73,
  0x2e, 0x0a, 0x09, 0x45, 0x78, 0x74, 0x65, 0x6e,
  0x73, 0x69, 0x6f, 0x6e, 0x73, 0x5b, 0x5d, 0x20,
  0x3d, 0x20, 0x2e, 0x70, 0x6f, 0x6f, 0x6c, 0x0a,
  0x0a, 0x5b, 0x43, 0x6f, 0x72, 0x65, 0x2e, 0x46,
  0x69, 0x6c, 0x65, 0x54, 0x79, 0x70, 0x65, 0x73,
  0x2e, 0x4d, 0x65, 0x74, 0x61, 0x50, 0x6f, 0x73,
  0x74, 0x20, 0x73, 0x75, 0x70, 0x70, 0x6f, 0x72,
  0x74, 0x5d, 0x0a, 0x0a, 0x09, 0x3b, 0x3b, 0x20,
  0x53, 0x65, 0x61, 0x72, 0x63, 0x68, 0x20, 0x70,
  0x61, 0x74, 0x68, 0x20, 0x66, 0x6f, 0x72, 0x20,
  0x4d, 0x65, 0x74, 0x61, 0x50, 0x6f, 0x73, 0x74,
  0x20, 0x73, 0x75, 0x70, 0x70, 0x6f, 0x72, 0x74,
  0x20, 0x66, 0x69, 0x6c, 0x65, 0x73, 0x2e, 0x0a,
  0x09, 0x50, 0x61, 0x74, 0x68, 0x73, 0x5b, 0x5d,
  0x20, 0x3d, 0x20, 0x2e, 0x0a, 0x09, 0x50, 0x61,
  0x74, 0x68, 0x73, 0x5b, 0x5d, 0x20, 0x3d, 0x20,
  0x25, 0x52, 0x2f, 0x6d, 0x65, 0x74, 0x61, 0x70,
  0x6f, 0x73, 0x74, 0x2f, 0x73, 0x75, 0x70, 0x70,
  0x6f, 0x72, 0x74, 0x2f, 0x2f, 0x0a, 0x0a, 0x09,
  0x3b, 0x3b, 0x20, 0x45, 0x6e, 0x76, 0x69, 0x72,
  0x6f, 0x6e, 0x6d, 0x65, 0x6e, 0x74, 0x20, 0x76,
  0x61, 0x72, 0x69, 0x61, 0x62, 0x6c, 0x65, 0x73,
  0x20, 0x74, 0x6f, 0x20, 0x62, 0x65, 0x20, 0x75,
  0x73, 0x65, 0x64, 0x20, 0x66, 0x6f, 0x72, 0x20,
  0x73, 0x65, 0x61, 0x72, 0x63, 0x68, 0x69, 0x6e,
  0x67, 0x20, 0x4d, 0x65, 0x74, 0x61, 0x50, 0x6f,
  0x73, 0x74, 0x0a, 0x09, 0x3b, 0x3b, 0x20, 0x73,
  0x75, 0x70, 0x70, 0x6f, 0x72, 0x74, 0x20, 0x66,
  0x69, 0x6c, 0x65, 0x73, 0x2e, 0x0a, 0x09, 0x45,
  0x6e, 0x76, 0x56, 0x61, 0x72, 0x73, 0x5b, 0x5d,
  0x20, 0x3d, 0x20, 0x4d, 0x50, 0x53, 0x55, 0x50,
  0x50, 0x4f, 0x52, 0x54, 0x0a, 0x0a, 0x5b, 0x43,
  0x6f, 0x72, 0x65, 0x2e, 0x46, 0x69, 0x6c, 0x65,
  0x54, 0x79, 0x70, 0x65, 0x73, 0x2e, 0x6f, 0x63,
  0x70, 0x5d, 0x0a, 0x0a, 0x09, 0x3b, 0x3b, 0x20,
  0x53, 0x65, 0x61, 0x72, 0x63, 0x68, 0x20, 0x70,
  0x61, 0x74, 0x68, 0x20, 0x66, 0x6f, 0x72, 0x20,
  0x4f, 0x6d, 0x65, 0x67, 0x61, 0x20, 0x63, 0x6f,
  0x6d, 0x70, 0x69, 0x6c, 0x65, 0x64, 0x20, 0x70,
  0x72, 0x6f, 0x63, 0x65, 0x73, 0x73, 0x20, 0x66,
  0x69, 0x6c, 0x65, 0x73, 0x2e, 0x0a, 0x09, 0x50,
  0x61, 0x74, 0x68, 0x73, 0x5b, 0x5d, 0x20, 0x3d,
  0x20, 0x2e, 0x0a, 0x09, 0x50, 0x61, 0x74, 0x68,
  0x73, 0x5b, 0x5d, 0x20, 0x3d, 0x20, 0x25, 0x52,
  0x2f, 0x6f, 0x6d, 0x65, 0x67, 0x61, 0x2f, 0x6f,
  0x63, 0x70, 0x2f, 0x2f, 0x0a, 0x0a, 0x09, 0x3b,
  0x3b, 0x20, 0x45, 0x6e, 0x76, 0x69, 0x72, 0x6f,
  0x6e, 0x6d, 0x65, 0x6e, 0x74, 0x20, 0x76, 0x61,
  0x72, 0x69, 0x61, 0x62, 0x6c, 0x65, 0x73, 0x20,
  0x74, 0x6f, 0x20, 0x62, 0x65, 0x20, 0x75, 0x73,
  0x65, 0x64, 0x20, 0x66, 0x6f, 0x72, 0x20, 0x73,
  0x65, 0x61, 0x72, 0x63, 0x68, 0x69, 0x6e, 0x67,
  0x20, 0x4f, 0x6d, 0x65, 0x67, 0x61, 0x0a, 0x09,
  0x3b, 0x3b, 0x20, 0x63, 0x6f, 0x6d, 0x70, 0x69,
  0x6c, 0x65, 0x64, 0x20, 0x70, 0x72, 0x6f, 0x63,
  0x65, 0x73, 0x73, 0x20, 0x66, 0x69, 0x6c, 0x65,
  0x73, 0x2e, 0x0a, 0x09, 0x45, 0x6e, 0x76, 0x56,
  0x61, 0x72, 0x73, 0x5b, 0x5d, 0x20, 0x3d, 0x20,
  0x4f, 0x43, 0x50, 0x49, 0x4e, 0x50, 0x55, 0x54,
  0x53, 0x0a, 0x0a, 0x09, 0x3b, 0x3b, 0x20, 0x4f,
  0x6d, 0x65, 0x67, 0x61, 0x20, 0x63, 0x6f, 0x6d,
  0x70, 0x69, 0x6c, 0x65, 0x64, 0x20, 0x70, 0x72,
  0x6f, 0x63, 0x65, 0x73, 0x73, 0x20, 0x66, 0x69,
  0x6c, 0x65, 0x20, 0x6e, 0x61, 0x6d, 0x65, 0x20,
  0x65, 0x78, 0x74, 0x65, 0x6e, 0x73, 0x69, 0x6f,
  0x6e, 0x73, 0x2e, 0x0a, 0x09, 0x45, 0x78, 0x74,
  0x65, 0x6e, 0x73, 0x69, 0x6f, 0x6e, 0x73, 0x5b,
  0x5d, 0x20, 0x3d, 0x20, 0x2e, 0x6f, 0x63, 0x70,
  0x0a, 0x0a, 0x5b, 0x43, 0x6f, 0x72, 0x65, 0x2e,
  0x46, 0x69, 0x6c, 0x65, 0x54, 0x79, 0x70, 0x65,
  0x73, 0x2e, 0x6f, 0x66, 0x6d, 0x5d, 0x0a, 0x0a,
  0x09, 0x3b, 0x3b, 0x20, 0x53, 0x65, 0x61, 0x72,
  0x63, 0x68, 0x20, 0x70, 0x61, 0x74, 0x68, 0x20,
  0x66, 0x6f, 0x72, 0x20, 0x4f, 0x6d, 0x65, 0x67,
  0x61, 0x20, 0x66, 0x6f, 0x6e, 0x74, 0x20, 0x6d,
  0x65, 0x74, 0x72, 0x69, 0x63, 0x20, 0x66, 0x69,
  0x6c, 0x65, 0x73, 0x2e, 0x0a, 0x09, 0x50, 0x61,
  0x74, 0x68, 0x73, 0x5b, 0x5d, 0x20, 0x3d, 0x20,
  0x2e, 0x0a, 0x09, 0x50, 0x61, 0x74, 0x68, 0x73,
  0x5b, 0x5d, 0x20, 0x3d, 0x20, 0x25, 0x52, 0x2f,
  0x66, 0x6f, 0x6e, 0x74, 0x73, 0x2f, 0x6f, 0x66,
  0x6d, 0x2f, 0x2f, 0x0a, 0x09, 0x50, 0x61, 0x74,
  0x68, 0x73, 0x5b, 0x5d, 0x20, 0x3d, 0x20, 0x25,
  0x52, 0x2f, 0x66, 0x6f, 0x6e, 0x74, 0x73, 0x2f,
  0x74, 0x66, 0x6d, 0x2f, 0x2f, 0x0a, 0x0a, 0x09,
  0x3b, 0x3b, 0x20, 0x45, 0x6e, 0x76, 0x69, 0x72,
  0x6f, 0x6e, 0x6d, 0x65, 0x6e, 0x74, 0x20, 0x76,
  0x61, 0x72, 0x69, 0x61, 0x62, 0x6c, 0x65, 0x73,
  0x20, 0x74, 0x6f, 0x20, 0x62, 0x65, 0x20, 0x75,
  0x73, 0x65, 0x64, 0x20, 0x66, 0x6f, 0x72, 0x20,
  0x73, 0x65, 0x61, 0x72, 0x63, 0x68, 0x69, 0x6e,
  0x67, 0x20, 0x4f, 0x6d, 0x65, 0x67, 0x61, 0x0a,
  0x09, 0x3b, 0x3b, 0x20, 0x66, 0x6f, 0x6e, 0x74,
  0x20, 0x6d, 0x65, 0x74, 0x72, 0x69, 0x63, 0x20,
  0x66, 0x69, 0x6c, 0x65, 0x73, 0x2e, 0x0a, 0x09,
  0x45, 0x6e, 0x76, 0x56, 0x61, 0x72, 0x73, 0x5b,
  0x5d, 0x20, 0x3d, 0x20, 0x4f, 0x46, 0x4d, 0x46,
  0x4f, 0x4e, 0x54, 0x53, 0x0a, 0x09, 0x45, 0x6e,
  0x76, 0x56, 0x61, 0x72, 0x73, 0x5b, 0x5d, 0x20,
  0x3d, 0x20, 0x54, 0x45, 0x58, 0x46, 0x4f, 0x4e,
  0x54, 0x53, 0x0a, 0x0a, 0x09, 0x3b, 0x3b, 0x20,
  0x4f, 0x6d, 0x65, 0x67, 0x61, 0x20, 0x66, 0x6f,
  0x6e, 0x74, 0x20, 0x6d, 0x65, 0x74, 0x72, 0x69,
  0x63, 0x20, 0x66, 0x69, 0x6c, 0x65, 0x20, 0x6e,
  0x61, 0x6d, 0x65, 0x20, 0x65, 0x78, 0x74, 0x65,
  0x6e, 0x73, 0x69, 0x6f, 0x6e, 0x73, 0x2e, 0x0a,
  0x09, 0x45, 0x78, 0x74, 0x65, 0x6e, 0x73, 0x69,
  0x6f, 0x6e, 0x73, 0x5b, 0x5d, 0x20, 0x3d, 0x20,
  0x2e, 0x6f, 0x66, 0x6d, 0x0a, 0x09, 0x45, 0x78,
  0x74, 0x65, 0x6e, 0x73, 0x69, 0x6f, 0x6e, 0x73,
  0x5b, 0x5d, 0x20, 0x3d, 0x20, 0x2e, 0x74, 0x66,
  0x6d, 0x0a, 0x0a, 0x5b, 0x43, 0x6f, 0x72, 0x65,
  0x2e, 0x46, 0x69, 0x6c, 0x65, 0x54, 0x79, 0x70,
  0x65, 0x73, 0x2e, 0x6f, 0x70, 0x6c, 0x5d, 0x0a,
  0x0a, 0x09, 0x3b, 0x3b, 0x20, 0x53, 0x65, 0x61,
  0x72, 0x63, 0x68, 0x20, 0x70, 0x61, 0x74, 0x68,
  0x20, 0x66, 0x6f, 0x72, 0x20, 0x4f, 0x6d, 0x65,
  0x67, 0x61, 0x20, 0x70, 0x72, 0x6f, 0x70, 0x65,
  0x72, 0x74, 0x79, 0x20, 0x6c, 0x69, 0x73, 0x74,
  0x20, 0x66, 0x69, 0x6c, 0x65, 0x73, 0x2e, 0x0a,
  0x09, 0x50, 0x61, 0x74, 0x68, 0x73, 0x5b, 0x5d,
  0x20, 0x3d, 0x20, 0x2e, 0x0a, 0x09, 0x50, 0x61,
  0x74, 0x68, 0x73, 0x5b, 0x5d, 0x20, 0x3d, 0x20,
  0x25, 0x52, 0x2f, 0x66, 0x6f, 0x6e, 0x74, 0x73,
  0x2f, 0x6f, 0x70, 0x6c, 0x2f, 0x2f, 0x0a, 0x0a,
  0x09, 0x3b, 0x3b, 0x20, 0x45, 0x6e, 0x76, 0x69,
  0x72, 0x6f, 0x6e, 0x6d, 0x65, 0x6e, 0x74, 0x20,
  0x76, 0x61, 0x72, 0x69, 0x61, 0x62, 0x6c, 0x65,
  0x73, 0x20, 0x74, 0x6f, 0x20, 0x62, 0x65, 0x20,
  0x75, 0x73, 0x65, 0x64, 0x20, 0x66, 0x6f, 0x72,
  0x20, 0x73, 0x65, 0x61, 0x72, 0x63, 0x68, 0x69,
  0x6e, 0x67, 0x20, 0x4f, 0x6d, 0x65, 0x67, 0x61,
  0x0a, 0x09, 0x3b, 0x3b, 0x20, 0x70, 0x72, 0x6f,
  0x70, 0x65, 0x72, 0x74, 0x79, 0x20, 0x6c, 0x69,
  0x73, 0x74, 0x20, 0x66, 0x69, 0x6c, 0x65, 0x73,
  0x2e, 0x0a, 0x09, 0x45, 0x6e, 0x76, 0x56, 0x61,
  0x72, 0x73, 0x5b, 0x5d, 0x20, 0x3d, 0x20, 0x4f,
  0x50, 0x4c, 0x46, 0x4f, 0x4e, 0x54, 0x53, 0x0a,
  0x09, 0x45, 0x6e, 0x76, 0x56, 0x61, 0x72, 0x73,
  0x5b, 0x5d, 0x20, 0x3d, 0x20, 0x54, 0x45, 0x58,
  0x46, 0x4f, 0x4e, 0x54, 0x53, 0x0a, 0x0a, 0x09,
  0x3b, 0x3b, 0x20, 0x4f, 0x6d, 0x65, 0x67, 0x61,
  0x20, 0x70, 0x72, 0x6f, 0x70, 0x65, 0x72, 0x74,
  0x79, 0x20, 0x6c, 0x69, 0x73, 0x74, 0x20, 0x66,
  0x69, 0x6c, 0x65, 0x20, 0x6e, 0x61, 0x6d, 0x65,
  0x20, 0x65, 0x78, 0x74, 0x65, 0x6e, 0x73, 0x69,
  0x6f, 0x6e, 0x73, 0x2e, 0x0a, 0x09, 0x45, 0x78,
  0x74, 0x65, 0x6e, 0x73, 0x69, 0x6f, 0x6e, 0x73,
  0x5b, 0x5d, 0x20, 0x3d, 0x20, 0x2e, 0x6f, 0x70,
  0x6c, 0x0a, 0x0a, 0x5b, 0x43, 0x6f, 0x72, 0x65,
  0x2e, 0x46, 0x69, 0x6c, 0x65, 0x54, 0x79, 0x70,
  0x65, 0x73, 0x2e, 0x6f, 0x74, 0x70, 0x5d, 0x0a,
  0x0a, 0x09, 0x3b, 0x3b, 0x20, 0x53, 0x65, 0x61,
  0x72, 0x63, 0x68, 0x20, 0x70, 0x61, 0x74, 0x68,
  0x20, 0x66, 0x6f, 0x72, 0x20, 0x4f, 0x6d, 0x65,
  0x67, 0x61, 0x20, 0x74, 0x72, 0x61, 0x6e, 0x73,
  0x6c, 0x61, 0x74, 0x69, 0x6f, 0x6e, 0x20, 0x70,
  0x72, 0x6f, 0x63, 0x65, 0x73, 0x73, 0x20, 0x66,
  0x69, 0x6c, 0x65, 0x73, 0x2e, 0x0a, 0x09, 0x50,
  0x61, 0x74, 0x68, 0x73, 0x5b, 0x5d, 0x20, 0x3d,
  0x20, 0x2e, 0x0a, 0x09, 0x50, 0x61, 0x74, 0x68,
  0x73, 0x5b, 0x5d, 0x20, 0x3d, 0x20, 0x25, 0x52,
  0x2f, 0x66, 0x6f, 0x6e, 0x74, 0x73, 0x2f, 0x6f,
  0x74, 0x70, 0x2f, 0x2f, 0x0a, 0x0a, 0x09, 0x3b,
  0x3b, 0x20, 0x45, 0x6e, 0x76, 0x69, 0x72, 0x6f,
  0x6e, 0x6d, 0x65, 0x6e, 0x74, 0x20, 0x76, 0x61,
  0x72, 0x69, 0x61, 0x62, 0x6c, 0x65, 0x73, 0x20,
  0x74, 0x6f, 0x20, 0x62, 0x65, 0x20, 0x75, 0x73,
  0x65, 0x64, 0x20, 0x66, 0x6f, 0x72, 0x20, 0x73,
  0x65, 0x61, 0x72, 0x63, 0x68, 0x69, 0x6e, 0x67,
  0x20, 0x4f, 0x6d, 0x65, 0x67, 0x61, 0x0a, 0x09,
  0x3b, 0x3b, 0x20, 0x74, 0x72, 0x61, 0x6e, 0x73,
  0x6c, 0x61, 0x74, 0x69, 0x6f, 0x6e, 0x20, 0x70,
  0x72, 0x6f, 0x63, 0x65, 0x73, 0x73, 0x20, 0x66,
  0x69, 0x6c, 0x65, 0x73, 0x2e, 0x0a, 0x09, 0x45,
  0x6e, 0x76, 0x56, 0x61, 0x72, 0x73, 0x5b, 0x5d,
  0x20, 0x3d, 0x20, 0x4f, 0x54, 0x50, 0x49, 0x4e,
  0x50, 0x55, 0x54, 0x53, 0x0a, 0x0a, 0x09, 0x3b,
  0x3b, 0x20, 0x4f, 0x6d, 0x65, 0x67, 0x61, 0x20,
  0x74, 0x72, 0x61, 0x6e, 0x73, 0x6c, 0x61, 0x74,
  0x69, 0x6f, 0x6e, 0x20, 0x70, 0x72, 0x6f, 0x63,
  0x65, 0x73, 0x73, 0x20, 0x66, 0x69, 0x6c, 0x65,
  0x20, 0x6e, 0x61, 0x6d, 0x65, 0x20, 0x65, 0x78,
  0x74, 0x65, 0x6e, 0x73, 0x69, 0x6f, 0x6e, 0x73,
  0x2e, 0x0a, 0x09, 0x45, 0x78, 0x74, 0x65, 0x6e,
  0x73, 0x69, 0x6f, 0x6e, 0x73, 0x5b, 0x5d, 0x20,
  0x3d, 0x20, 0x2e, 0x6f, 0x74, 0x70, 0x0a, 0x0a,
  0x5b, 0x43, 0x6f, 0x72, 0x65, 0x2e, 0x46, 0x69,
  0x6c, 0x65, 0x54, 0x79, 0x70, 0x65, 0x73, 0x2e,
  0x6f, 0x70, 0x65, 0x6e, 0x74, 0x79, 0x70, 0x65,
  0x20, 0x66, 0x6f, 0x6e, 0x74, 0x73, 0x5d, 0x0a,
  0x0a, 0x09, 0x3b, 0x3b, 0x20, 0x53, 0x65, 0x61,
  0x72, 0x63, 0x68, 0x20, 0x70, 0x61, 0x74, 0x68,
  0x20, 0x66, 0x6f, 0x72, 0x20, 0x4f, 0x70, 0x65,
  0x6e, 0x54, 0x79, 0x70, 0x65, 0x20, 0x66, 0x6f,
  0x6e, 0x74, 0x20, 0x66, 0x69, 0x6c, 0x65, 0x73,
  0x2e, 0x0a, 0x09, 0x50, 0x61, 0x74, 0x68, 0x73,
  0x5b, 0x5d, 0x20, 0x3d, 0x20, 0x2e, 0x0a, 0x09,
  0x50, 0x61, 0x74, 0x68, 0x73, 0x5b, 0x5d, 0x20,
  0x3d, 0x20, 0x25, 0x52, 0x2f, 0x66, 0x6f, 0x6e,
  0x74, 0x73, 0x2f, 0x6f, 0x70, 0x65, 0x6e, 0x74,
  0x79, 0x70, 0x65, 0x2f, 0x2f, 0x0a, 0x0a, 0x09,
  0x3b, 0x3b, 0x20, 0x45, 0x6e, 0x76, 0x69, 0x72,
  0x6f, 0x6e, 0x6d, 0x65, 0x6e, 0x74, 0x20, 0x76,
  0x61, 0x72, 0x69, 0x61, 0x62, 0x6c, 0x65, 0x73,
  0x20, 0x74, 0x6f, 0x20, 0x62, 0x65, 0x20, 0x75,
  0x73, 0x65, 0x64, 0x20, 0x66, 0x6f, 0x72, 0x20,
  0x73, 0x65, 0x61, 0x72, 0x63, 0x68, 0x69, 0x6e,
  0x67, 0x20, 0x4f, 0x70, 0x65, 0x6e, 0x54, 0x79,
  0x70, 0x65, 0x0a, 0x09, 0x3b, 0x3b, 0x20, 0x66,
  0x6f, 0x6e, 0x74, 0x20, 0x66, 0x69, 0x6c, 0x65,
  0x73, 0x2e, 0x0a, 0x09, 0x45, 0x6e, 0x76, 0x56,
  0x61, 0x72, 0x73, 0x5b, 0x5d, 0x20, 0x3d, 0x20,
  0x4f, 0x50, 0x45, 0x4e, 0x54, 0x59, 0x50, 0x45,
  0x46, 0x4f, 0x4e, 0x54, 0x53, 0x0a, 0x09, 0x45,
  0x6e, 0x76, 0x56, 0x61, 0x72, 0x73, 0x5b, 0x5d,
  0x20, 0x3d, 0x20, 0x54, 0x45, 0x58, 0x46, 0x4f,
  0x4e, 0x54, 0x53, 0x0a, 0x0a, 0x09, 0x3b, 0x3b,
  0x20, 0x4f, 0x70, 0x65, 0x6e, 0x54, 0x79, 0x70,
  0x65, 0x20, 0x66, 0x6f, 0x6e, 0x74, 0x20, 0x66,
  0x69, 0x6c, 0x65, 0x20, 0x6e, 0x61, 0x6d, 0x65,
  0x20, 0x65, 0x78, 0x74, 0x65, 0x6e, 0x73, 0x69,
  0x6f, 0x6e, 0x73, 0x2e, 0x0a, 0x09, 0x45, 0x78,
  0x74, 0x65, 0x6e, 0x73, 0x69, 0x6f, 0x6e, 0x73,
  0x5b, 0x5d, 0x20, 0x3d, 0x20, 0x2e, 0x6f, 0x74,
  0x66, 0x0a, 0x0a, 0x5b, 0x43, 0x6f, 0x72, 0x65,
  0x2e, 0x46, 0x69, 0x6c, 0x65, 0x54, 0x79, 0x70,
  0x65, 0x73, 0x2e, 0x6f, 0x76, 0x66, 0x5d, 0x0a,
  0x0a, 0x09, 0x3b, 0x3b, 0x20, 0x53, 0x65, 0x61,
  0x72, 0x63, 0x68, 0x20, 0x70, 0x61, 0x74, 0x68,
  0x20, 0x66, 0x6f, 0x72, 0x20, 0x4f, 0x6d, 0x65,
  0x67, 0x61, 0x20, 0x76, 0x69, 0x72, 0x74, 0x75,
  0x61, 0x6c, 0x20, 0x66, 0x6f, 0x6e, 0x74, 0x20,
  0x66, 0x69, 0x6c, 0x65, 0x73, 0x2e, 0x0a, 0x09,
  0x50, 0x61, 0x74, 0x68, 0x73, 0x5b, 0x5d, 0x20,
  0x3d, 0x20, 0x2e, 0x0a, 0x09, 0x50, 0x61, 0x74,
  0x68, 0x73, 0x5b, 0x5d, 0x20, 0x3d, 0x20, 0x25,
  0x52, 0x2f, 0x66, 0x6f, 0x6e, 0x74, 0x73, 0x2f,
  0x6f, 0x76, 0x66, 0x2f, 0x2f, 0x0a, 0x09, 0x50,
  0x61, 0x74, 0x68, 0x73, 0x5b, 0x5d, 0x20, 0x3d,
  0x20, 0x25, 0x52, 0x2f, 0x66, 0x6f, 0x6e, 0x74,
  0x73, 0x2f, 0x76, 0x66, 0x2f, 0x2f, 0x0a, 0x0a,
  0x09, 0x3b, 0x3b, 0x20, 0x45, 0x6e, 0x76, 0x69,
  0x72, 0x6f, 0x6e, 0x6d, 0x65, 0x6e, 0x74, 0x20,
  0x76, 0x61, 0x72, 0x69, 0x61, 0x62, 0x6c, 0x65,
  0x73, 0x20, 0x74, 0x6f, 0x20, 0x62, 0x65, 0x20,
  0x75, 0x73, 0x65, 0x64, 0x20, 0x66, 0x6f, 0x72,
  0x20, 0x73, 0x65, 0x61, 0x72, 0x63, 0x68, 0x69,
  0x6e, 0x67, 0x20, 0x4f, 0x6d, 0x65, 0x67, 0x61,
  0x0a, 0x09, 0x3b, 0x3b, 0x20, 0x76, 0x69, 0x72,
  0x74, 0x75, 0x61, 0x6c, 0x20, 0x66, 0x6f, 0x6e,
  0x74, 0x20, 0x66, 0x69, 0x6c, 0x65, 0x73, 0x2e,
  0x0a, 0x09, 0x45, 0x6e, 0x76, 0x56, 0x61, 0x72,
  0x73, 0x5b, 0x5d, 0x20, 0x3d, 0x20, 0x4f, 0x56,
  0x46, 0x46, 0x4f, 0x4e, 0x54, 0x53, 0x0a, 0x09,
  0x45, 0x6e, 0x76, 0x56, 0x61, 0x72, 0x73, 0x5b,
  0x5d, 0x20, 0x3d, 0x20, 0x54, 0x45, 0x58, 0x46,
  0x4f, 0x4e, 0x54, 0x53, 0x0a, 0x0a, 0x09, 0x3b,
  0x3b, 0x20, 0x4f, 0x6d, 0x65, 0x67, 0x61, 0x20,
  0x76, 0x69, 0x72, 0x74, 0x75, 0x61, 0x6c, 0x20,
  0x66, 0x6f, 0x6e, 0x74, 0x20, 0x66, 0x69, 0x6c,
  0x65, 0x20, 0x6e, 0x61, 0x6d, 0x65, 0x20, 0x65,
  0x78, 0x74, 0x65, 0x6e, 0x73, 0x69, 0x6f, 0x6e,
  0x73, 0x2e, 0x0a, 0x09, 0x45, 0x78, 0x74, 0x65,
  0x6e, 0x73, 0x69, 0x6f, 0x6e, 0x73, 0x5b, 0x5d,
  0x20, 0x3d, 0x20, 0x2e, 0x6f, 0x76, 0x66, 0x0a,
  0x0a, 0x5b, 0x43, 0x6f, 0x72, 0x65, 0x2e, 0x46,
  0x69, 0x6c, 0x65, 0x54, 0x79, 0x70, 0x65, 0x73,
  0x2e, 0x6f, 0x76, 0x70, 0x5d, 0x0a, 0x0a, 0x09,
  0x3b, 0x3b, 0x20, 0x53, 0x65, 0x61, 0x72, 0x63,
  0x68, 0x20, 0x70, 0x61, 0x74, 0x68, 0x20, 0x66,
  0x6f, 0x72, 0x20, 0x4f, 0x6d, 0x65, 0x67, 0x61,
  0x20, 0x76, 0x69, 0x72, 0x74, 0x75, 0x61, 0x6c,
  0x20, 0x70, 0x72, 0x6f, 0x70, 0x65, 0x72, 0x74,
  0x79, 0x20, 0x6c, 0x69, 0x73, 0x74, 0x20, 0x66,
  0x69, 0x6c, 0x65, 0x73, 0x2e, 0x0a, 0x09, 0x50,
  0x61, 0x74, 0x68, 0x73, 0x5b, 0x5d, 0x20, 0x3d,
  0x20, 0x2e, 0x0a, 0x09, 0x50, 0x61, 0x74, 0x68,
  0x73, 0x5b, 0x5d, 0x20, 0x3d, 0x20, 0x25, 0x52,
  0x2f, 0x66, 0x6f, 0x6e, 0x74, 0x73, 0x2f, 0x6f,
  0x76, 0x70, 0x2f, 0x2f, 0x0a, 0x0a, 0x09, 0x3b,
  0x3b, 0x20, 0x45, 0x6e, 0x76, 0x69, 0x72, 0x6f,
  0x6e, 0x6d, 0x65, 0x6e, 0x74, 0x20, 0x76, 0x61,
  0x72, 0x69, 0x61, 0x62, 0x6c, 0x65, 0x73, 0x20,
  0x74, 0x6f, 0x20, 0x62, 0x65, 0x20, 0x75, 0x73,
  0x65, 0x64, 0x20, 0x66, 0x6f, 0x72, 0x20, 0x73,
  0x65, 0x61, 0x72, 0x63, 0x68, 0x69, 0x6e, 0x67,
  0x20, 0x4f, 0x6d, 0x65, 0x67, 0x61, 0x0a, 0x09,
  0x3b, 0x3b, 0x20, 0x76, 0x69, 0x72, 0x74, 0x75,
  0x61, 0x6c, 0x20, 0x70, 0x72, 0x6f, 0x70, 0x65,
  0x72, 0x74, 0x79, 0x20, 0x6c, 0x69, 0x73, 0x74,
  0x20, 0x66, 0x69, 0x6c, 0x65, 0x73, 0x2e, 0x0a,
  0x09, 0x45, 0x6e, 0x76, 0x56, 0x61, 0x72, 0x73,
  0x5b, 0x5d, 0x20, 0x3d, 0x20, 0x4f, 0x56, 0x50,
  0x46, 0x4f, 0x4e, 0x54, 0x53, 0x0a, 0x09, 0x45,
  0x6e, 0x76, 0x56, 0x61, 0x72, 0x73, 0x5b, 0x5d,
  0x20, 0x3d, 0x20, 0x54, 0x45, 0x58, 0x46, 0x4f,
  0x4e, 0x54, 0x53, 0x0a, 0x0a, 0x09, 0x3b, 0x3b,
  0x20, 0x4f, 0x6d, 0x65, 0x67, 0x61, 0x20, 0x76,
  0x69, 0x72, 0x74, 0x75, 0x61, 0x6c, 0x20, 0x70,
  0x72, 0x6f, 0x70, 0x65, 0x72, 0x74, 0x79, 0x20,
  0x6c, 0x69, 0x73, 0x74, 0x20, 0x66, 0x69, 0x6c,
  0x65, 0x20, 0x6e, 0x61, 0x6d, 0x65, 0x20, 0x65,
  0x78, 0x74, 0x65, 0x6e, 0x73, 0x69, 0x6f, 0x6e,
  0x73, 0x2e, 0x0a, 0x09, 0x45, 0x78, 0x74, 0x65,
  0x6e, 0x73, 0x69, 0x6f, 0x6e, 0x73, 0x5b, 0x5d,
  0x20, 0x3d, 0x20, 0x2e, 0x6f, 0x76, 0x70, 0x0a,
  0x0a, 0x5b, 0x43, 0x6f, 0x72, 0x65, 0x2e, 0x46,
  0x69, 0x6c, 0x65, 0x54, 0x79, 0x70, 0x65, 0x73,
  0x2e, 0x70, 0x64, 0x66, 0x74, 0x65, 0x78, 0x20,
  0x63, 0x6f, 0x6e, 0x66, 0x69, 0x67, 0x5d, 0x0a,
  0x0a, 0x09, 0x3b, 0x3b, 0x20, 0x53, 0x65, 0x61,
  0x72, 0x63, 0x68, 0x20, 0x70, 0x61, 0x74, 0x68,
  0x20, 0x66, 0x6f, 0x72, 0x20, 0x70, 0x64, 0x66,
  0x54, 0x65, 0x58, 0x20, 0x63, 0x6f, 0x6e, 0x66,
  0x69, 0x67, 0x75, 0x72, 0x61, 0x74, 0x69, 0x6f,
  0x6e, 0x20, 0x66, 0x69, 0x6c, 0x65, 0x73, 0x2e,
  0x0a, 0x09, 0x50, 0x61, 0x74, 0x68, 0x73, 0x5b,
  0x5d, 0x20, 0x3d, 0x20, 0x2e, 0x0a, 0x09, 0x50,
  0x61, 0x74, 0x68, 0x73, 0x5b, 0x5d, 0x20, 0x3d,
  0x20, 0x25, 0x52, 0x2f, 0x70, 0x64, 0x66, 0x74,
  0x65, 0x78, 0x2f, 0x7b, 0x24, 0x70, 0x72, 0x6f,
  0x67, 0x6e, 0x61, 0x6d, 0x65, 0x2c, 0x7d, 0x2f,
  0x2f, 0x0a, 0x0a, 0x09, 0x3b, 0x3b, 0x20, 0x45,
  0x6e, 0x76, 0x69, 0x72, 0x6f, 0x6e, 0x6d, 0x65,
  0x6e, 0x74, 0x20, 0x76, 0x61, 0x72, 0x69, 0x61,
  0x62, 0x6c, 0x65, 0x73, 0x20, 0x74, 0x6f, 0x20,
  0x62, 0x65, 0x20, 0x75, 0x73, 0x65, 0x64, 0x20,
  0x66, 0x6f, 0x72, 0x20, 0x73, 0x65, 0x61, 0x72,
  0x63, 0x68, 0x69, 0x6e, 0x67, 0x20, 0x70, 0x64,
  0x66, 0x54, 0x65, 0x58, 0x0a, 0x09, 0x3b, 0x3b,
  0x20, 0x63, 0x6f, 0x6e, 0x66, 0x69, 0x67, 0x75,
  0x72, 0x61, 0x74, 0x69, 0x6f, 0x6e, 0x20, 0x66,
  0x69, 0x6c, 0x65, 0x73, 0x2e, 0x0a, 0x09, 0x45,
  0x6e, 0x76, 0x56, 0x61, 0x72, 0x73, 0x5b, 0x5d,
  0x20, 0x3d, 0x20, 0x50, 0x44, 0x46, 0x54, 0x45,
  0x58, 0x43, 0x4f, 0x4e, 0x46, 0x49, 0x47, 0x0a,
  0x0a, 0x5b, 0x43, 0x6f, 0x72, 0x65, 0x2e, 0x46,
  0x69, 0x6c, 0x65, 0x54, 0x79, 0x70, 0x65, 0x73,
  0x2e, 0x70, 0x6b, 0x5d, 0x0a, 0x0a, 0x09, 0x3b,
  0x3b, 0x20, 0x53, 0x65, 0x61, 0x72, 0x63, 0x68,
  0x20, 0x70, 0x61, 0x74, 0x68, 0x20, 0x66, 0x6f,
  0x72, 0x20, 0x70, 0x61, 0x63, 0x6b, 0x65, 0x64,
  0x20, 0x62, 0x69, 0x74, 0x6d, 0x61, 0x70, 0x20,
  0x66, 0x6f, 0x6e, 0x74, 0x20, 0x66, 0x69, 0x6c,
  0x65, 0x73, 0x2e, 0x0a, 0x09, 0x50, 0x61, 0x74,
  0x68, 0x73, 0x5b, 0x5d, 0x20, 0x3d, 0x20, 0x2e,
  0x0a, 0x09, 0x50, 0x61, 0x74, 0x68, 0x73, 0x5b,
  0x5d, 0x20, 0x3d, 0x20, 0x25, 0x52, 0x2f, 0x66,
  0x6f, 0x6e, 0x74, 0x73, 0x2f, 0x2f, 0x0a, 0x0a,
  0x09, 0x3b, 0x3b, 0x20, 0x50, 0x61, 0x63, 0x6b,
  0x65, 0x64, 0x20, 0x62, 0x69, 0x74, 0x6d, 0x61,
  0x70, 0x20, 0x66, 0x6f, 0x6e, 0x74, 0x20, 0x66,
  0x69, 0x6c, 0x65, 0x20, 0x6e, 0x61, 0x6d, 0x65,
  0x20, 0x65, 0x78, 0x74, 0x65, 0x6e, 0x73, 0x69,
  0x6f, 0x6e, 0x73, 0x2e, 0x0a, 0x09, 0x45, 0x78,
  0x74, 0x65, 0x6e, 0x73, 0x69, 0x6f, 0x6e, 0x73,
  0x5b, 0x5d, 0x20, 0x3d, 0x20, 0x2e, 0x70, 0x6b,
  0x0a, 0x0a, 0x5b, 0x43, 0x6f, 0x72, 0x65, 0x2e,
  0x46, 0x69, 0x6c, 0x65, 0x54, 0x79, 0x70, 0x65,
  0x73, 0x2e, 0x6f, 0x74, 0x68, 0x65, 0x72, 0x20,
  0x62, 0x69, 0x6e, 0x61, 0x72, 0x79, 0x20, 0x66,
  0x69, 0x6c, 0x65, 0x73, 0x5d, 0x0a, 0x0a, 0x09,
  0x3b, 0x3b, 0x20, 0x53, 0x65, 0x61, 0x72, 0x63,
  0x68, 0x20, 0x70, 0x61, 0x74, 0x68, 0x20, 0x66,
  0x6f, 0x72, 0x20, 0x70, 0x72, 0x6f, 0x67, 0x72,
  0x61, 0x6d, 0x20, 0x62, 0x69, 0x6e, 0x61, 0x72,
  0x79, 0x20, 0x66, 0x69, 0x6c, 0x65, 0x73, 0x2e,
  0x0a, 0x09, 0x50, 0x61, 0x74, 0x68, 0x73, 0x5b,
  0x5d, 0x20, 0x3d, 0x20, 0x2e, 0x0a, 0x09, 0x50,
  0x61, 0x74, 0x68, 0x73, 0x5b, 0x5d, 0x20, 0x3d,
  0x20, 0x25, 0x52, 0x2f, 0x24, 0x70, 0x72, 0x6f,
  0x67, 0x6e, 0x61, 0x6d, 0x65, 0x2f, 0x2f, 0x0a,
  0x0a, 0x5b, 0x43, 0x6f, 0x72, 0x65, 0x2e, 0x46,
  0x69, 0x6c, 0x65, 0x54, 0x79, 0x70, 0x65, 0x73,
  0x2e, 0x6f, 0x74, 0x68, 0x65, 0x72, 0x20, 0x74,
  0x65, 0x78, 0x74, 0x20, 0x66, 0x69, 0x6c, 0x65,
  0x73, 0x5d, 0x0a, 0x0a, 0x09, 0x3b, 0x3b, 0x20,
  0x53, 0x65, 0x61, 0x72, 0x63, 0x68, 0x20, 0x70,
  0x61, 0x74, 0x68, 0x20, 0x66, 0x6f, 0x72, 0x20,
  0x70, 0x72, 0x6f, 0x67, 0x72, 0x61, 0x6d, 0x20,
  0x74, 0x65, 0x78, 0x74, 0x20, 0x66, 0x69, 0x6c,
  0x65, 0x73, 0x2e, 0x0a, 0x09, 0x50, 0x61, 0x74,
  0x68, 0x73, 0x5b, 0x5d, 0x20, 0x3d, 0x20, 0x2e,
  0x0a, 0x09, 0x50, 0x61, 0x74, 0x68, 0x73, 0x5b,
  0x5d, 0x20, 0x3d, 0x20, 0x25, 0x52, 0x2f, 0x24,
  0x70, 0x72, 0x6f, 0x67, 0x6e, 0x61, 0x6d, 0x65,
  0x2f, 0x2f, 0x0a, 0x0a, 0x5b, 0x43, 0x6f, 0x72,
  0x65, 0x2e, 0x46, 0x69, 0x6c, 0x65, 0x54, 0x79,
  0x70, 0x65, 0x73, 0x2e, 0x50, 0x6f, 0x73, 0x74,
  0x53, 0x63, 0x72, 0x69, 0x70, 0x74, 0x20, 0x68,
  0x65, 0x61, 0x64, 0x65, 0x72, 0x5d, 0x0a, 0x0a,
  0x09, 0x3b, 0x3b, 0x20, 0x53, 0x65, 0x61, 0x72,
  0x63, 0x68, 0x20, 0x70, 0x61, 0x74, 0x68, 0x20,
  0x66, 0x6f, 0x72, 0x20, 0x64, 0x6f, 0x77, 0x6e,
  0x6c, 0x6f, 0x61, 0x64, 0x61, 0x62, 0x6c, 0x65,
  0x20, 0x50, 0x6f, 0x73, 0x74, 0x53, 0x63, 0x72,
  0x69, 0x70, 0x74, 0x20, 0x66, 0x69, 0x6c, 0x65,
  0x73, 0x2e, 0x0a, 0x09, 0x50, 0x61, 0x74, 0x68,
  0x73, 0x5b, 0x5d, 0x20, 0x3d, 0x20, 0x2e, 0x0a,
  0x09, 0x50, 0x61, 0x74, 0x68, 0x73, 0x5b, 0x5d,
  0x20, 0x3d, 0x20, 0x25, 0x52, 0x2f, 0x7b, 0x64,
  0x76, 0x69, 0x70, 0x73, 0x2c, 0x66, 0x6f, 0x6e,
  0x74, 0x73, 0x2f, 0x7b, 0x65, 0x6e, 0x63, 0x2c,
  0x74, 0x79, 0x70, 0x65, 0x31, 0x2c, 0x74, 0x79,
  0x70, 0x65, 0x34, 0x32, 0x2c, 0x74, 0x79, 0x70,
  0x65, 0x33, 0x7d, 0x7d, 0x2f, 0x2f, 0x0a, 0x09,
  0x50, 0x61, 0x74, 0x68, 0x73, 0x5b, 0x5d, 0x20,
  0x3d, 0x20, 0x24, 0x70, 0x73, 0x66, 0x6f, 0x6e,
  0x74, 0x64, 0x69, 0x72, 0x73, 0x0a, 0x0a, 0x09,
  0x3b, 0x3b, 0x20, 0x45, 0x6e, 0x76, 0x69, 0x72,
  0x6f, 0x6e, 0x6d, 0x65, 0x6e, 0x74, 0x20, 0x76,
  0x61, 0x72, 0x69, 0x61, 0x62, 0x6c, 0x65, 0x73,
  0x20, 0x74, 0x6f, 0x20, 0x62, 0x65, 0x20, 0x75,
  0x73, 0x65, 0x64, 0x20, 0x66, 0x6f, 0x72, 0x20,
  0x73, 0x65, 0x61, 0x72, 0x63, 0x68, 0x69, 0x6e,
  0x67, 0x20, 0x64, 0x6f, 0x77, 0x6e, 0x6c, 0x6f,
  0x61, 0x64, 0x61, 0x62, 0x6c, 0x65, 0x0a, 0x09,
  0x3b, 0x3b, 0x20, 0x50, 0x6f, 0x73, 0x74, 0x53,
  0x63, 0x72, 0x69, 0x70, 0x74, 0x20, 0x66, 0x69,
  0x6c, 0x65, 0x73, 0x2e, 0x0a, 0x09, 0x45, 0x6e,
  0x76, 0x56, 0x61, 0x72, 0x73, 0x5b, 0x5d, 0x20,
  0x3d, 0x20, 0x54, 0x45, 0x58, 0x50, 0x53, 0x48,
  0x45, 0x41, 0x44, 0x45, 0x52, 0x53, 0x0a, 0x09,
  0x45, 0x6e, 0x76, 0x56, 0x61, 0x72, 0x73, 0x5b,
  0x5d, 0x20, 0x3d, 0x20, 0x50, 0x53, 0x48, 0x45,
  0x41, 0x44, 0x45, 0x52, 0x53, 0x0a, 0x0a, 0x09,
  0x3b, 0x3b, 0x20, 0x44, 0x6f, 0x77, 0x6e, 0x6c,
  0x6f, 0x61, 0x64, 0x61, 0x62, 0x6c, 0x65, 0x20,
  0x50, 0x6f, 0x73, 0x74, 0x53, 0x63, 0x72, 0x69,
  0x70, 0x74, 0x20, 0x66, 0x69, 0x6c, 0x65, 0x20,
  0x6e, 0x61, 0x6d, 0x65, 0x20, 0x65, 0x78, 0x74,
  0x65, 0x6e, 0x73, 0x69, 0x6f, 0x6e, 0x73, 0x2e,
  0x0a, 0x09, 0x45, 0x78, 0x74, 0x65, 0x6e, 0x73,
  0x69, 0x6f, 0x6e, 0x73, 0x5b, 0x5d, 0x20, 0x3d,
  0x20, 0x2e, 0x70, 0x72, 0x6f, 0x0a, 0x09, 0x45,
  0x78, 0x74, 0x65, 0x6e, 0x73, 0x69, 0x6f, 0x6e,
  0x73, 0x5b, 0x5d, 0x20, 0x3d, 0x20, 0x2e, 0x65,
  0x6e, 0x63, 0x0a, 0x0a, 0x5b, 0x43, 0x6f, 0x72,
  0x65, 0x2e, 0x46, 0x69, 0x6c, 0x65, 0x54, 0x79,
  0x70, 0x65, 0x73, 0x2e, 0x74, 0x65, 0x78, 0x6d,
  0x66, 0x73, 0x63, 0x72, 0x69, 0x70, 0x74, 0x73,
  0x5d, 0x0a, 0x0a, 0x09, 0x3b, 0x3b, 0x20, 0x53,
  0x65, 0x61, 0x72, 0x63, 0x68, 0x20, 0x70, 0x61,
  0x74, 0x68, 0x20, 0x66, 0x6f, 0x72, 0x20, 0x61,
  0x72, 0x63, 0x68, 0x69, 0x74, 0x65, 0x63, 0x74,
  0x75, 0x72, 0x65, 0x2d, 0x69, 0x6e, 0x64, 0x65,
  0x70, 0x65, 0x6e, 0x64, 0x65, 0x6e, 0x74, 0x20,
  0x65, 0x78, 0x65, 0x63, 0x75, 0x74, 0x61, 0x62,
  0x6c, 0x65, 0x73, 0x2e, 0x0a, 0x09, 0x50, 0x61,
  0x74, 0x68, 0x73, 0x5b, 0x5d, 0x20, 0x3d, 0x20,
  0x2e, 0x0a, 0x09, 0x50, 0x61, 0x74, 0x68, 0x73,
  0x5b, 0x5d, 0x20, 0x3d, 0x20, 0x25, 0x52, 0x2f,
  0x73, 0x63, 0x72, 0x69, 0x70, 0x74, 0x73, 0x2f,
  0x7b, 0x24, 0x70, 0x72, 0x6f, 0x67, 0x6e, 0x61,
  0x6d, 0x65, 0x2c, 0x24, 0x65, 0x6e, 0x67, 0x69,
  0x6e, 0x65, 0x2c, 0x7d, 0x2f, 0x2f, 0x0a, 0x0a,
  0x09, 0x3b, 0x3b, 0x20, 0x45, 0x6e, 0x76, 0x69,
  0x72, 0x6f, 0x6e, 0x6d, 0x65, 0x6e, 0x74, 0x20,
  0x76, 0x61, 0x72, 0x69, 0x61, 0x62, 0x6c, 0x65,
  0x73, 0x20, 0x74, 0x6f, 0x20, 0x62, 0x65, 0x20,
  0x75, 0x73, 0x65, 0x64, 0x20, 0x66, 0x6f, 0x72,
  0x20, 0x73, 0x65, 0x61, 0x72, 0x63, 0x68, 0x69,
  0x6e, 0x67, 0x0a, 0x09, 0x3b, 0x3b, 0x20, 0x61,
  0x72, 0x63, 0x68, 0x69, 0x74, 0x65, 0x63, 0x74,
  0x75, 0x72, 0x65, 0x2d, 0x69, 0x6e, 0x64, 0x65,
  0x70, 0x65, 0x6e, 0x64, 0x65, 0x6e, 0x74, 0x20,
  0x65, 0x78, 0x65, 0x63, 0x75, 0x74, 0x61, 0x62,
  0x6c, 0x65, 0x73, 0x2e, 0x0a, 0x09, 0x45, 0x6e,
  0x76, 0x56, 0x61, 0x72, 0x73, 0x5b, 0x5d, 0x20,
  0x3d, 0x20, 0x54, 0x45, 0x58, 0x4d, 0x46, 0x53,
  0x43, 0x52, 0x49, 0x50, 0x54, 0x53, 0x0a, 0x0a,
  0x5b, 0x43, 0x6f, 0x72, 0x65, 0x2e, 0x46, 0x69,
  0x6c, 0x65, 0x54, 0x79, 0x70, 0x65, 0x73, 0x2e,
  0x73, 0x75, 0x62, 0x66, 0x6f, 0x6e, 0x74, 0x20,
  0x64, 0x65, 0x66, 0x69, 0x6e, 0x69, 0x74, 0x69,
  0x6f, 0x6e, 0x20, 0x66, 0x69, 0x6c, 0x65, 0x73,
  0x5d, 0x0a, 0x0a, 0x09, 0x3b, 0x3b, 0x20, 0x53,
  0x65, 0x61, 0x72, 0x63, 0x68, 0x20, 0x70, 0x61,
  0x74, 0x68, 0x20, 0x66, 0x6f, 0x72, 0x20, 0x73,
  0x75, 0x62, 0x66, 0x6f, 0x6e, 0x74, 0x20, 0x64,
  0x65, 0x66, 0x69, 0x6e, 0x69, 0x74, 0x69, 0x6f,
  0x6e, 0x20, 0x66, 0x69, 0x6c, 0x65, 0x73, 0x2e,
  0x0a, 0x09, 0x50, 0x61, 0x74, 0x68, 0x73, 0x5b,
  0x5d, 0x20, 0x3d, 0x20, 0x2e, 0x0a, 0x09, 0x50,
  0x61, 0x74, 0x68, 0x73, 0x5b, 0x5d, 0x20, 0x3d,
  0x20, 0x25, 0x52, 0x2f, 0x66, 0x6f, 0x6e, 0x74,
  0x73, 0x2f, 0x73, 0x66, 0x64, 0x2f, 0x2f, 0x0a,
  0x0a, 0x09, 0x3b, 0x3b, 0x20, 0x45, 0x6e, 0x76,
  0x69, 0x72, 0x6f, 0x6e, 0x6d, 0x65, 0x6e, 0x74,
  0x20, 0x76, 0x61, 0x72, 0x69, 0x61, 0x62, 0x6c,
  0x65, 0x73, 0x20, 0x74, 0x6f, 0x20, 0x62, 0x65,
  0x20, 0x75, 0x73, 0x65, 0x64, 0x20, 0x66, 0x6f,
  0x72, 0x20, 0x73, 0x65, 0x61, 0x72, 0x63, 0x68,
  0x69, 0x6e, 0x67, 0x20, 0x73, 0x75, 0x62, 0x66,
  0x6f, 0x6e, 0x74, 0x0a, 0x09, 0x3b, 0x3b, 0x20,
  0x64, 0x65, 0x66, 0x69, 0x6e, 0x69, 0x74, 0x69,
  0x6f, 0x6e, 0x20, 0x66, 0x69, 0x6c, 0x65, 0x73,
  0x2e, 0x0a, 0x09, 0x45, 0x6e, 0x76, 0x56, 0x61,
  0x72, 0x73, 0x5b, 0x5d, 0x20, 0x3d, 0x20, 0x53,
  0x46, 0x44, 0x46, 0x4f, 0x4e, 0x54, 0x53, 0x0a,
  0x09, 0x45, 0x6e, 0x76, 0x56, 0x61, 0x72, 0x73,
  0x5b, 0x5d, 0x20, 0x3d, 0x20, 0x54, 0x45, 0x58,
  0x46, 0x4f, 0x4e, 0x54, 0x53, 0x0a, 0x0a, 0x09,
  0x3b, 0x3b, 0x20, 0x53, 0x75, 0x62, 0x66, 0x6f,
  0x6e, 0x74, 0x20, 0x64, 0x65, 0x66, 0x69, 0x6e,
  0x69, 0x74, 0x69, 0x6f, 0x6e, 0x20, 0x66, 0x69,
  0x6c, 0x65, 0x20, 0x6e, 0x61, 0x6d, 0x65, 0x20,
  0x65, 0x78, 0x74, 0x65, 0x6e, 0x73, 0x69, 0x6f,
  0x6e, 0x73, 0x2e, 0x0a, 0x09, 0x45, 0x78, 0x74,
  0x65, 0x6e, 0x73, 0x69, 0x6f, 0x6e, 0x73, 0x5b,
  0x5d, 0x20, 0x3d, 0x20, 0x2e, 0x73, 0x66, 0x64,
  0x0a, 0x0a, 0x5b, 0x43, 0x6f, 0x72, 0x65, 0x2e,
  0x46, 0x69, 0x6c, 0x65, 0x54, 0x79, 0x70, 0x65,
  0x73, 0x2e, 0x74, 0x63, 0x78, 0x5d, 0x0a, 0x0a,
  0x09, 0x3b, 0x3b, 0x20, 0x53, 0x65, 0x61, 0x72,
  0x63, 0x68, 0x20, 0x70, 0x61, 0x74, 0x68, 0x20,
  0x66, 0x6f, 0x72, 0x20, 0x54, 0x43, 0x58, 0x20,
  0x66, 0x69, 0x6c, 0x65, 0x73, 0x2e, 0x0a, 0x09,
  0x50, 0x61, 0x74, 0x68, 0x73, 0x5b, 0x5d, 0x20,
  0x3d, 0x20, 0x2e, 0x0a, 0x09, 0x50, 0x61, 0x74,
  0x68, 0x73, 0x5b, 0x5d, 0x20, 0x3d, 0x20, 0x25,
  0x52, 0x2f, 0x6d, 0x69, 0x6b, 0x74, 0x65, 0x78,
  0x2f, 0x63, 0x6f, 0x6e, 0x66, 0x69, 0x67, 0x0a,
  0x09, 0x50, 0x61, 0x74, 0x68, 0x73, 0x5b, 0x5d,
  0x20, 0x3d, 0x20, 0x25, 0x52, 0x2f, 0x6d, 0x69,
  0x6b, 0x74, 0x65, 0x78, 0x2f, 0x77, 0x65, 0x62,
  0x32, 0x63, 0x0a, 0x0a, 0x09, 0x3b, 0x3b, 0x20,
  0x54, 0x43, 0x58, 0x20, 0x66, 0x69, 0x6c, 0x65,
  0x20, 0x6e, 0x61, 0x6d, 0x65, 0x20, 0x65, 0x78,
  0x74, 0x65, 0x6e, 0x73, 0x69, 0x6f, 0x6e, 0x73,
  0x2e, 0x0a, 0x09, 0x45, 0x78, 0x74, 0x65, 0x6e,
  0x73, 0x69, 0x6f, 0x6e, 0x73, 0x5b, 0x5d, 0x20,
  0x3d, 0x20, 0x2e, 0x74, 0x63, 0x78, 0x0a, 0x0a,
  0x5b, 0x43, 0x6f, 0x72, 0x65, 0x2e, 0x46, 0x69,
  0x6c, 0x65, 0x54, 0x79, 0x70, 0x65, 0x73, 0x2e,
  0x74, 0x65, 0x78, 0x5d, 0x0a, 0x0a, 0x09, 0x3b,
  0x3b, 0x20, 0x53, 0x65, 0x61, 0x72, 0x63, 0x68,
  0x20, 0x70, 0x61, 0x74, 0x68, 0x20, 0x66, 0x6f,
  0x72, 0x20, 0x54, 0x65, 0x58, 0x20, 0x69, 0x6e,
  0x70, 0x75, 0x74, 0x20, 0x66, 0x69, 0x6c, 0x65,
  0x73, 0x2e, 0x0a, 0x09, 0x50, 0x61, 0x74, 0x68,
  0x73, 0x5b, 0x5d, 0x20, 0x3d, 0x20, 0x2e, 0x0a,
  0x09, 0x50, 0x61, 0x74, 0x68, 0x73, 0x5b, 0x5d,
  0x20, 0x3d, 0x20, 0x25, 0x52, 0x2f, 0x74, 0x65,
  0x78, 0x2f, 0x7b, 0x24, 0x70, 0x72, 0x6f, 0x67,
  0x6e, 0x61, 0x6d, 0x65, 0x2c, 0x67, 0x65, 0x6e,
  0x65, 0x72, 0x69, 0x63, 0x2c, 0x7d, 0x2f, 0x2f,
  0x0a, 0x0a, 0x09, 0x3b, 0x3b, 0x20, 0x45, 0x6e,
  0x76, 0x69, 0x72, 0x6f, 0x6e, 0x6d, 0x65, 0x6e,
  0x74, 0x20, 0x76, 0x61, 0x72, 0x69, 0x61, 0x62,
  0x6c, 0x65, 0x73, 0x20, 0x74, 0x6f, 0x20, 0x62,
  0x65, 0x20, 0x75, 0x73, 0x65, 0x64, 0x20, 0x66,
  0x6f, 0x72, 0x20, 0x73, 0x65, 0x61, 0x72, 0x63,
  0x68, 0x69, 0x6e, 0x67, 0x20, 0x54, 0x65, 0x58,
  0x20, 0x69, 0x6e, 0x70, 0x75, 0x74, 0x0a, 0x09,
  0x3b, 0x3b, 0x20, 0x66, 0x69, 0x6c, 0x65, 0x73,
  0x2e, 0x0a, 0x09, 0x45, 0x6e, 0x76, 0x56, 0x61,
  0x72, 0x73, 0x5b, 0x5d, 0x20, 0x3d, 0x20, 0x54,
  0x45, 0x58, 0x49, 0x4e, 0x50, 0x55, 0x54, 0x53,
  0x0a, 0x0a, 0x09, 0x3b, 0x3b, 0x20, 0x54, 0x65,
  0x58, 0x20, 0x69, 0x6e, 0x70, 0x75, 0x74, 0x20,
  0x66, 0x69, 0x6c, 0x65, 0x20, 0x6e, 0x61, 0x6d,
  0x65, 0x20, 0x65, 0x78, 0x74, 0x65, 0x6e, 0x73,
  0x69, 0x6f, 0x6e, 0x73, 0x2e, 0x0a, 0x09, 0x45,
  0x78, 0x74, 0x65, 0x6e, 0x73, 0x69, 0x6f, 0x6e,
  0x73, 0x5b, 0x5d, 0x20, 0x3d, 0x20, 0x2e, 0x74,
  0x65, 0x78, 0x0a, 0x0a, 0x5b, 0x43, 0x6f, 0x72,
  0x65, 0x2e, 0x46, 0x69, 0x6c, 0x65, 0x54, 0x79,
  0x70, 0x65, 0x73, 0x2e, 0x74, 0x65, 0x78, 0x70,
  0x6f, 0x6f, 0x6c, 0x5d, 0x0a, 0x0a, 0x09, 0x3b,
  0x3b, 0x20, 0x53, 0x65, 0x61, 0x72, 0x63, 0x68,
  0x20, 0x70, 0x61, 0x74, 0x68, 0x20, 0x66, 0x6f,
  0x72, 0x20, 0x54, 0x65, 0x58, 0x20, 0x70, 0x72,
  0x6f, 0x67, 0x72, 0x61, 0x6d, 0x20, 0x73, 0x74,
  0x72, 0x69, 0x6e, 0x67, 0x20, 0x66, 0x69, 0x6c,
  0x65, 0x73, 0x2e, 0x0a, 0x09, 0x50, 0x61, 0x74,
  0x68, 0x73, 0x5b, 0x5d, 0x20, 0x3d, 0x20, 0x2e,
  0x0a, 0x0a, 0x09, 0x3b, 0x3b, 0x20, 0x45, 0x6e,
  0x76, 0x69, 0x72, 0x6f, 0x6e, 0x6d, 0x65, 0x6e,
  0x74, 0x20, 0x76, 0x61, 0x72, 0x69, 0x61, 0x62,
  0x6c, 0x65, 0x73, 0x20, 0x74, 0x6f, 0x20, 0x62,
  0x65, 0x20, 0x75, 0x73, 0x65, 0x64, 0x20, 0x66,
  0x6f, 0x72, 0x20, 0x73, 0x65, 0x61, 0x72, 0x63,
  0x68, 0x69, 0x6e, 0x67, 0x20, 0x4d, 0x45, 0x54,
  0x41, 0x46, 0x4f, 0x4e, 0x54, 0x0a, 0x09, 0x3b,
  0x3b, 0x20, 0x70, 0x72, 0x6f, 0x67, 0x72, 0x61,
  0x6d, 0x20, 0x73, 0x74, 0x72, 0x69, 0x6e, 0x67,
  0x20, 0x66, 0x69, 0x6c, 0x65, 0x73, 0x2e, 0x0a,
  0x09, 0x45, 0x6e, 0x76, 0x56, 0x61, 0x72, 0x73,
  0x5b, 0x5d, 0x20, 0x3d, 0x20, 0x54, 0x45, 0x58,
  0x50, 0x4f, 0x4f, 0x4c, 0x0a, 0x09, 0x45, 0x6e,
  0x76, 0x56, 0x61, 0x72, 0x73, 0x5b, 0x5d, 0x20,
  0x3d, 0x20, 0x54, 0x45, 0x58, 0x4d, 0x46, 0x49,
  0x4e, 0x49, 0x0a, 0x0a, 0x09, 0x3b, 0x3b, 0x20,
  0x54, 0x65, 0x58, 0x20, 0x70, 0x72, 0x6f, 0x67,
  0x72, 0x61, 0x6d, 0x20, 0x73, 0x74, 0x72, 0x69,
  0x6e, 0x67, 0x20, 0x66, 0x69, 0x6c, 0x65, 0x20,
  0x6e, 0x61, 0x6d, 0x65, 0x20, 0x65, 0x78, 0x74,
  0x65, 0x6e, 0x73, 0x69, 0x6f, 0x6e, 0x73, 0x2e,
  0x0a, 0x09, 0x45, 0x78, 0x74, 0x65, 0x6e, 0x73,
  0x69, 0x6f, 0x6e, 0x73, 0x5b, 0x5d, 0x20, 0x3d,
  0x20, 0x2e, 0x70, 0x6f, 0x6f, 0x6c, 0x0a, 0x0a,
  0x5b, 0x43, 0x6f, 0x72, 0x65, 0x2e, 0x46, 0x69,
  0x6c, 0x65, 0x54, 0x79, 0x70, 0x65, 0x73, 0x2e,
  0x54, 0x65, 0x58, 0x20, 0x73, 0x79, 0x73, 0x74,
  0x65, 0x6d, 0x20, 0x73, 0x6f, 0x75, 0x72, 0x63,
  0x65, 0x73, 0x5d, 0x0a, 0x0a, 0x09, 0x3b, 0x3b,
  0x20, 0x53, 0x65, 0x61, 0x72, 0x63, 0x68, 0x20,
  0x70, 0x61, 0x74, 0x68, 0x20, 0x66, 0x6f, 0x72,
  0x20, 0x73, 0x6f, 0x75, 0x72, 0x63, 0x65, 0x20,
  0x66, 0x69, 0x6c, 0x65, 0x73, 0x2e, 0x0a, 0x09,
  0x50, 0x61, 0x74, 0x68, 0x73, 0x5b, 0x5d, 0x20,
  0x3d, 0x20, 0x2e, 0x0a, 0x09, 0x50, 0x61, 0x74,
  0x68, 0x73, 0x5b, 0x5d, 0x20, 0x3d, 0x20, 0x25,
  0x52, 0x2f, 0x73, 0x6f, 0x75, 0x72, 0x63, 0x65,
  0x2f, 0x2f, 0x0a, 0x0a, 0x09, 0x3b, 0x3b, 0x20,
  0x45, 0x6e, 0x76, 0x69, 0x72, 0x6f, 0x6e, 0x6d,
  0x65, 0x6e, 0x74, 0x20, 0x76, 0x61, 0x72, 0x69,
  0x61, 0x62, 0x6c, 0x65, 0x73, 0x20, 0x74, 0x6f,
  0x20, 0x62, 0x65, 0x20, 0x75, 0x73, 0x65, 0x64,
  0x20, 0x66, 0x6f, 0x72, 0x20, 0x73, 0x65, 0x61,
  0x72, 0x63, 0x68, 0x69, 0x6e, 0x67, 0x20, 0x73,
  0x6f, 0x75, 0x72, 0x63, 0x65, 0x0a, 0x09, 0x3b,
  0x3b, 0x20, 0x66, 0x69, 0x6c, 0x65, 0x73, 0x2e,
  0x0a, 0x09, 0x45, 0x6e, 0x76, 0x56, 0x61, 0x72,
  0x73, 0x5b, 0x5d, 0x20, 0x3d, 0x20, 0x54, 0x45,
  0x58, 0x53, 0x4f, 0x55, 0x52, 0x43, 0x45, 0x53,
  0x0a, 0x0a, 0x5b, 0x43, 0x6f, 0x72, 0x65, 0x2e,
  0x46, 0x69, 0x6c, 0x65, 0x54, 0x79, 0x70, 0x65,
  0x73, 0x2e, 0x54, 0x65, 0x58, 0x20, 0x73, 0x79,
  0x73, 0x74, 0x65, 0x6d, 0x20, 0x64, 0x6f, 0x63,
  0x75, 0x6d, 0x65, 0x6e, 0x74, 0x61, 0x74, 0x69,
  0x6f, 0x6e, 0x5d, 0x0a, 0x0a, 0x09, 0x3b, 0x3b,
  0x20, 0x53, 0x65, 0x61, 0x72, 0x63, 0x68, 0x20,
  0x70, 0x61, 0x74, 0x68, 0x20, 0x66, 0x6f, 0x72,
  0x20, 0x64, 0x6f, 0x63, 0x75, 0x6d, 0x65, 0x6e,
  0x74, 0x61, 0x74, 0x69, 0x6f, 0x6e, 0x20, 0x66,
  0x69, 0x6c, 0x65, 0x73, 0x2e, 0x0a, 0x09, 0x50,
  0x61, 0x74, 0x68, 0x73, 0x5b, 0x5d, 0x20, 0x3d,
  0x20, 0x2e, 0x0a, 0x09, 0x50, 0x61, 0x74, 0x68,
  0x73, 0x5b, 0x5d, 0x20, 0x3d, 0x20, 0x25, 0x52,
  0x2f, 0x64, 0x6f, 0x63, 0x2f, 0x6d, 0x69, 0x6b,
  0x74, 0x65, 0x78, 0x2f, 0x2f, 0x0a, 0x09, 0x50,
  0x61, 0x74, 0x68, 0x73, 0x5b, 0x5d, 0x20, 0x3d,
  0x20, 0x25, 0x52, 0x2f, 0x64, 0x6f, 0x63, 0x2f,
  0x2f, 0x0a, 0x0a, 0x09, 0x3b, 0x3b, 0x20, 0x45,
  0x6e, 0x76, 0x69, 0x72, 0x6f, 0x6e, 0x6d, 0x65,
  0x6e, 0x74, 0x20, 0x76, 0x61, 0x72, 0x69, 0x61,
  0x62, 0x6c, 0x65, 0x73, 0x20, 0x74, 0x6f, 0x20,
  0x62, 0x65, 0x20, 0x75, 0x73, 0x65, 0x64, 0x20,
  0x66, 0x6f, 0x72, 0x20, 0x73, 0x65, 0x61, 0x72,
  0x63, 0x68, 0x69, 0x6e, 0x67, 0x0a, 0x09, 0x3b,
  0x3b, 0x20, 0x64, 0x6f, 0x63, 0x75, 0x6d, 0x65,
  0x6e, 0x74, 0x61, 0x74, 0x69, 0x6f, 0x6e, 0x20,
  0x66, 0x69, 0x6c, 0x65, 0x73, 0x2e, 0x0a, 0x09,
  0x45, 0x6e, 0x76, 0x56, 0x61, 0x72, 0x73, 0x5b,
  0x5d, 0x20, 0x3d, 0x20, 0x54, 0x45, 0x58, 0x44,
  0x4f, 0x43, 0x53, 0x0a, 0x0a, 0x09, 0x3b, 0x3b,
  0x20, 0x44, 0x6f, 0x63, 0x75, 0x6d, 0x65, 0x6e,
  0x74, 0x61, 0x74, 0x69, 0x6f, 0x6e, 0x20, 0x66,
  0x69, 0x6c, 0x65, 0x20, 0x6e, 0x61, 0x6d, 0x65,
  0x20, 0x65, 0x78, 0x74, 0x65, 0x6e, 0x73, 0x69,
  0x6f, 0x6e, 0x73, 0x2e, 0x0a, 0x09, 0x45, 0x78,
  0x74, 0x65, 0x6e, 0x73, 0x69, 0x6f, 0x6e, 0x73,
  0x5b, 0x5d, 0x20, 0x3d, 0x20, 0x2e, 0x70, 0x64,
  0x66, 0x0a, 0x09, 0x45, 0x78, 0x74, 0x65, 0x6e,
  0x73, 0x69, 0x6f, 0x6e, 0x73, 0x5b, 0x5d, 0x20,
  0x3d, 0x20, 0x2e, 0x68, 0x74, 0x6d, 0x6c, 0x0a,
  0x09, 0x45, 0x78, 0x74, 0x65, 0x6e, 0x73, 0x69,
  0x6f, 0x6e, 0x73, 0x5b, 0x5d, 0x20, 0x3d, 0x20,
  0x2e, 0x6d, 0x64, 0x0a, 0x09, 0x45, 0x78, 0x74,
  0x65, 0x6e, 0x73, 0x69, 0x6f, 0x6e, 0x73, 0x5b,
  0x5d, 0x20, 0x3d, 0x20, 0x2e, 0x74, 0x78, 0x74,
  0x0a, 0x09, 0x45, 0x78, 0x74, 0x65, 0x6e, 0x73,
  0x69, 0x6f, 0x6e, 0x73, 0x5b, 0x5d, 0x20, 0x3d,
  0x20, 0x2e, 0x70, 0x73, 0x0a, 0x09, 0x45, 0x78,
  0x74, 0x65, 0x6e, 0x73, 0x69, 0x6f, 0x6e, 0x73,
  0x5b, 0x5d, 0x20, 0x3d, 0x20, 0x2e, 0x64, 0x76,
  0x69, 0x0a, 0x0a, 0x5b, 0x43, 0x6f, 0x72, 0x65,
  0x2e, 0x46, 0x69, 0x6c, 0x65, 0x54, 0x79, 0x70,
  0x65, 0x73, 0x2e, 0x74, 0x66, 0x6d, 0x5d, 0x0a,
  0x0a, 0x09, 0x3b, 0x3b, 0x20, 0x53, 0x65, 0x61,
  0x72, 0x63, 0x68, 0x20, 0x70, 0x61, 0x74, 0x68,
  0x20, 0x66, 0x6f, 0x72, 0x20, 0x54, 0x65, 0x58,
  0x20, 0x66, 0x6f, 0x6e, 0x74, 0x20, 0x6d, 0x65,
  0x74, 0x72, 0x69, 0x63, 0x20, 0x66, 0x69, 0x6c,
  0x65, 0x73, 0x2e, 0x0a, 0x09, 0x50, 0x61, 0x74,
  0x68, 0x73, 0x5b, 0x5d, 0x20, 0x3d, 0x20, 0x2e,
  0x0a, 0x09, 0x50, 0x61, 0x74, 0x68, 0x73, 0x5b,
  0x5d, 0x20, 0x3d, 0x20, 0x25, 0x52, 0x2f, 0x66,
  0x6f, 0x6e, 0x74, 0x73, 0x2f, 0x74, 0x66, 0x6d,
  0x2f, 0x2f, 0x0a, 0x0a, 0x09, 0x3b, 0x3b, 0x20,
  0x45, 0x6e, 0x76, 0x69, 0x72, 0x6f, 0x6e, 0x6d,
  0x65, 0x6e, 0x74, 0x20, 0x76, 0x61, 0x72, 0x69,
  0x61, 0x62, 0x6c, 0x65, 0x73, 0x20, 0x74, 0x6f,
  0x20, 0x62, 0x65, 0x20, 0x75, 0x73, 0x65, 0x64,
  0x20, 0x66, 0x6f, 0x72, 0x20, 0x73, 0x65, 0x61,
  0x72, 0x63, 0x68, 0x69, 0x6e, 0x67, 0x20, 0x54,
  0x65, 0x58, 0x20, 0x66, 0x6f, 0x6e, 0x74, 0x0a,
  0x09, 0x3b, 0x3b, 0x20, 0x6d, 0x65, 0x74, 0x72,
  0x69, 0x63, 0x20, 0x66, 0x69, 0x6c, 0x65, 0x73,
  0x2e, 0x0a, 0x09, 0x45, 0x6e, 0x76, 0x56, 0x61,
  0x72, 0x73, 0x5b, 0x5d, 0x20, 0x3d, 0x20, 0x54,
  0x46, 0x4d, 0x46, 0x4f, 0x4e, 0x54, 0x53, 0x0a,
  0x09, 0x45, 0x6e, 0x76, 0x56, 0x61, 0x72, 0x73,
  0x5b, 0x5d, 0x20, 0x3d, 0x20, 0x54, 0x45, 0x58,
  0x46, 0x4f, 0x4e, 0x54, 0x53, 0x0a, 0x0a, 0x09,
  0x3b, 0x3b, 0x20, 0x54, 0x65, 0x58, 0x20, 0x66,
  0x6f, 0x6e, 0x74, 0x20, 0x6d, 0x65, 0x74, 0x72,
  0x69, 0x63, 0x20, 0x66, 0x69, 0x6c, 0x65, 0x20,
  0x6e, 0x61, 0x6d, 0x65, 0x20, 0x65, 0x78, 0x74,
  0x65, 0x6e, 0x73, 0x69, 0x6f, 0x6e, 0x73, 0x2e,
  0x0a, 0x09, 0x45, 0x78, 0x74, 0x65, 0x6e, 0x73,
  0x69, 0x6f, 0x6e, 0x73, 0x5b, 0x5d, 0x20, 0x3d,
  0x20, 0x2e, 0x74, 0x66, 0x6d, 0x0a, 0x0a, 0x5b,
  0x43, 0x6f, 0x72, 0x65, 0x2e, 0x46, 0x69, 0x6c,
  0x65, 0x54, 0x79, 0x70, 0x65, 0x73, 0x2e, 0x74,
  0x72, 0x6f, 0x66, 0x66, 0x20, 0x66, 0x6f, 0x6e,
  0x74, 0x73, 0x5d, 0x0a, 0x0a, 0x09, 0x3b, 0x3b,
  0x20, 0x45, 0x6e, 0x76, 0x69, 0x72, 0x6f, 0x6e,
  0x6d, 0x65, 0x6e, 0x74, 0x20, 0x76, 0x61, 0x72,
  0x69, 0x61, 0x62, 0x6c, 0x65, 0x73, 0x20, 0x74,
  0x6f, 0x20, 0x62, 0x65, 0x20, 0x75, 0x73, 0x65,
  0x64, 0x20, 0x66, 0x6f, 0x72, 0x20, 0x73, 0x65,
  0x61, 0x72, 0x63, 0x68, 0x69, 0x6e, 0x67, 0x20,
  0x54, 0x72, 0x6f, 0x66, 0x66, 0x20, 0x66, 0x6f,
  0x6e, 0x74, 0x0a, 0x09, 0x3b, 0x3b, 0x20, 0x66,
  0x69, 0x6c, 0x65, 0x73, 0x2e, 0x0a, 0x09, 0x45,
  0x6e, 0x76, 0x56, 0x61, 0x72, 0x73, 0x5b, 0x5d,
  0x20, 0x3d, 0x20, 0x54, 0x52, 0x46, 0x4f, 0x4e,
  0x54, 0x53, 0x0a, 0x0a, 0x5b, 0x43, 0x6f, 0x72,
  0x65, 0x2e, 0x46, 0x69, 0x6c, 0x65, 0x54, 0x79,
  0x70, 0x65, 0x73, 0x2e, 0x74, 0x72, 0x75, 0x65,
  0x74, 0x79, 0x70, 0x65, 0x20, 0x66, 0x6f, 0x6e,
  0x74, 0x73, 0x5d, 0x0a, 0x0a, 0x09, 0x3b, 0x3b,
  0x20, 0x53, 0x65, 0x61, 0x72, 0x63, 0x68, 0x20,
  0x70, 0x61, 0x74, 0x68, 0x20, 0x66, 0x6f, 0x72,
  0x20, 0x54, 0x72, 0x75, 0x65, 0x54, 0x79, 0x70,
  0x65, 0x20, 0x66, 0x6f, 0x6e, 0x74, 0x20, 0x66,
  0x69, 0x6c, 0x65, 0x73, 0x2e, 0x0a, 0x09, 0x50,
  0x61, 0x74, 0x68, 0x73, 0x5b, 0x5d, 0x20, 0x3d,
  0x20, 0x2e, 0x0a, 0x09, 0x50, 0x61, 0x74, 0x68,
  0x73, 0x5b, 0x5d, 0x20, 0x3d, 0x20, 0x25, 0x52,
  0x2f, 0x66, 0x6f, 0x6e, 0x74, 0x73, 0x2f, 0x74,
  0x72, 0x75, 0x65, 0x74, 0x79, 0x70, 0x65, 0x2f,
  0x2f, 0x0a, 0x0a, 0x09, 0x3b, 0x3b, 0x20, 0x45,
  0x6e, 0x76, 0x69, 0x72, 0x6f, 0x6e, 0x6d, 0x65,
  0x6e, 0x74, 0x20, 0x76, 0x61, 0x72, 0x69, 0x61,
  0x62, 0x6c, 0x65, 0x73, 0x20, 0x74, 0x6f, 0x20,
  0x62, 0x65, 0x20, 0x75, 0x73, 0x65, 0x64, 0x20,
  0x66, 0x6f, 0x72, 0x20, 0x73, 0x65, 0x61, 0x72,
  0x63, 0x68, 0x69, 0x6e, 0x67, 0x20, 0x54, 0x72,
  0x75, 0x65, 0x54, 0x79, 0x70, 0x65, 0x0a, 0x09,
  0x3b, 0x3b, 0x20, 0x66, 0x6f, 0x6e, 0x74, 0x20,
  0x66, 0x69, 0x6c, 0x65, 0x73, 0x2e, 0x0a, 0x09,
  0x45, 0x6e, 0x76, 0x56, 0x61, 0x72, 0x73, 0x5b,
  0x5d, 0x20, 0x3d, 0x20, 0x54, 0x54, 0x46, 0x4f,
  0x4e, 0x54, 0x53, 0x0a, 0x09, 0x45, 0x6e, 0x76,
  0x56, 0x61, 0x72, 0x73, 0x5b, 0x5d, 0x20, 0x3d,
  0x20, 0x54, 0x45, 0x58, 0x46, 0x4f, 0x4e, 0x54,
  0x53, 0x0a, 0x0a, 0x09, 0x3b, 0x3b, 0x20, 0x54,
  0x72, 0x75, 0x65, 0x54, 0x79, 0x70, 0x65, 0x20,
  0x66, 0x6f, 0x6e, 0x74, 0x20, 0x66, 0x69, 0x6c,
  0x65, 0x20, 0x6e, 0x61, 0x6d, 0x65, 0x20, 0x65,
  0x78, 0x74, 0x65, 0x6e, 0x73, 0x69, 0x6f, 0x6e,
  0x73, 0x2e, 0x0a, 0x09, 0x45, 0x78, 0x74, 0x65,
  0x6e, 0x73, 0x69, 0x6f, 0x6e, 0x73, 0x5b, 0x5d,
  0x20, 0x3d, 0x20, 0x2e, 0x74, 0x74, 0x66, 0x0a,
  0x09, 0x45, 0x78, 0x74, 0x65, 0x6e, 0x73, 0x69,
  0x6f, 0x6e, 0x73, 0x5b, 0x5d, 0x20, 0x3d, 0x20,
  0x2e, 0x74, 0x74, 0x63, 0x0a, 0x0a, 0x5b, 0x43,
  0x6f, 0x72, 0x65, 0x2e, 0x46, 0x69, 0x6c, 0x65,
  0x54, 0x79, 0x70, 0x65, 0x73, 0x2e, 0x74, 0x79,
  0x70, 0x65, 0x31, 0x20, 0x66, 0x6f, 0x6e, 0x74,
  0x73, 0x5d, 0x0a, 0x0a, 0x09, 0x3b, 0x3b, 0x20,
  0x53, 0x65, 0x61, 0x72, 0x63, 0x68, 0x20, 0x70,
  0x61, 0x74, 0x68, 0x20, 0x66, 0x6f, 0x72, 0x20,
  0x54, 0x79, 0x70, 0x65, 0x31, 0x20, 0x66, 0x6f,
  0x6e, 0x74, 0x20, 0x66, 0x69, 0x6c, 0x65, 0x73,
  0x2e, 0x0a, 0x09, 0x50, 0x61, 0x74, 0x68, 0x73,
  0x5b, 0x5d, 0x20, 0x3d, 0x20, 0x2e, 0x0a, 0x09,
  0x50, 0x61, 0x74, 0x68, 0x73, 0x5b, 0x5d, 0x20,
  0x3d, 0x20, 0x25, 0x52, 0x2f, 0x66, 0x6f, 0x6e,
  0x74, 0x73, 0x2f, 0x74, 0x79, 0x70, 0x65, 0x31,
  0x2f, 0x2f, 0x0a, 0x0a, 0x09, 0x3b, 0x3b, 0x20,
  0x45, 0x6e, 0x76, 0x69, 0x72, 0x6f, 0x6e, 0x6d,
  0x65, 0x6e, 0x74, 0x20, 0x76, 0x61, 0x72, 0x69,
  0x61, 0x62, 0x6c, 0x65, 0x73, 0x20, 0x74, 0x6f,
  0x20, 0x62, 0x65, 0x20, 0x75, 0x73, 0x65, 0x64,
  0x20, 0x66, 0x6f, 0x72, 0x20, 0x73, 0x65, 0x61,
  0x72, 0x63, 0x68, 0x69, 0x6e, 0x67, 0x20, 0x54,
  0x79, 0x70, 0x65, 0x31, 0x20, 0x66, 0x6f, 0x6e,
  0x74, 0x0a, 0x09, 0x3b, 0x3b, 0x20, 0x66, 0x69,
  0x6c, 0x65, 0x73, 0x2e, 0x0a, 0x09, 0x45, 0x6e,
  0x76, 0x56, 0x61, 0x72, 0x73, 0x5b, 0x5d, 0x20,
  0x3d, 0x20, 0x54, 0x31, 0x46, 0x4f, 0x4e, 0x54,
  0x53, 0x0a, 0x09, 0x45, 0x6e, 0x76, 0x56, 0x61,
  0x72, 0x73, 0x5b, 0x5d, 0x20, 0x3d, 0x20, 0x54,
  0x31, 0x49, 0x4e, 0x50, 0x55, 0x54, 0x53, 0x0a,
  0x09, 0x45, 0x6e, 0x76, 0x56, 0x61, 0x72, 0x73,
  0x5b, 0x5d, 0x20, 0x3d, 0x20, 0x54, 0x45, 0x58,
  0x46, 0x4f, 0x4e, 0x54, 0x53, 0x0a, 0x09, 0x45,
  0x6e, 0x76, 0x56, 0x61, 0x72, 0x73, 0x5b, 0x5d,
  0x20, 0x3d, 0x20, 0x54, 0x45, 0x58, 0x50, 0x53,
  0x48, 0x45, 0x41, 0x44, 0x45, 0x52, 0x53, 0x0a,
  0x09, 0x45, 0x6e, 0x76, 0x56, 0x61, 0x72, 0x73,
  0x5b, 0x5d, 0x20, 0x3d, 0x20, 0x50, 0x53, 0x48,
  0x45, 0x41, 0x44, 0x45, 0x52, 0x53, 0x0a, 0x0a,
  0x09, 0x3b, 0x3b, 0x20, 0x54, 0x79, 0x70, 0x65,
  0x31, 0x20, 0x66, 0x6f, 0x6e, 0x74, 0x20, 0x66,
  0x69, 0x6c, 0x65, 0x20, 0x6e, 0x61, 0x6d, 0x65,
  0x20, 0x65, 0x78, 0x74, 0x65, 0x6e, 0x73, 0x69,
  0x6f, 0x6e, 0x73, 0x2e, 0x0a, 0x09, 0x45, 0x78,
  0x74, 0x65, 0x6e, 0x73, 0x69, 0x6f, 0x6e, 0x73,
  0x5b, 0x5d, 0x20, 0x3d, 0x20, 0x2e, 0x70, 0x66,
  0x62, 0x0a, 0x09, 0x45, 0x78, 0x74, 0x65, 0x6e,
  0x73, 0x69, 0x6f, 0x6e, 0x73, 0x5b, 0x5d, 0x20,
  0x3d, 0x20, 0x2e, 0x70, 0x66, 0x61, 0x0a, 0x0a,
  0x5b, 0x43, 0x6f, 0x72, 0x65, 0x2e, 0x46, 0x69,
  0x6c, 0x65, 0x54, 0x79, 0x70, 0x65, 0x73, 0x2e,
  0x74, 0x79, 0x70, 0x65, 0x34, 0x32, 0x20, 0x66,
  0x6f, 0x6e, 0x74, 0x73, 0x5d, 0x0a, 0x0a, 0x09,
  0x3b, 0x3b, 0x20, 0x53, 0x65, 0x61, 0x72, 0x63,
  0x68, 0x20, 0x70, 0x61, 0x74, 0x68, 0x20, 0x66,
  0x6f, 0x72, 0x20, 0x54, 0x79, 0x70, 0x65, 0x34,
  0x32, 0x20, 0x66, 0x6f, 0x6e, 0x74, 0x20, 0x66,
  0x69, 0x6c, 0x65, 0x73, 0x2e, 0x0a, 0x09, 0x50,
  0x61, 0x74, 0x68, 0x73, 0x5b, 0x5d, 0x20, 0x3d,
  0x20, 0x2e, 0x0a, 0x09, 0x50, 0x61, 0x74, 0x68,
  0x73, 0x5b, 0x5d, 0x20, 0x3d, 0x20, 0x25, 0x52,
  0x2f, 0x66, 0x6f, 0x6e, 0x74, 0x73, 0x2f, 0x74,
  0x79, 0x70, 0x65, 0x34, 0x32, 0x2f, 0x2f, 0x0a,
  0x0a, 0x09, 0x3b, 0x3b, 0x20, 0x45, 0x6e, 0x76,
  0x69, 0x72, 0x6f, 0x6e, 0x6d, 0x65, 0x6e, 0x74,
  0x20, 0x76, 0x61, 0x72, 0x69, 0x61, 0x62, 0x6c,
  0x65, 0x73, 0x20, 0x74, 0x6f, 0x20, 0x62, 0x65,
  0x20, 0x75, 0x73, 0x65, 0x64, 0x20, 0x66, 0x6f,
  0x72, 0x20, 0x73, 0x65, 0x61, 0x72, 0x63, 0x68,
  0x69, 0x6e, 0x67, 0x20, 0x54, 0x79, 0x70, 0x65,
  0x34, 0x32, 0x20, 0x66, 0x6f, 0x6e, 0x74, 0x0a,
  0x09, 0x3b, 0x3b, 0x20, 0x66, 0x69, 0x6c, 0x65,
  0x73, 0x2e, 0x0a, 0x09, 0x45, 0x6e, 0x76, 0x56,
  0x61, 0x72, 0x73, 0x5b, 0x5d, 0x20, 0x3d, 0x20,
  0x54, 0x34, 0x32, 0x46, 0x4f, 0x4e, 0x54, 0x53,
  0x0a, 0x09, 0x45, 0x6e, 0x76, 0x56, 0x61, 0x72,
  0x73, 0x5b, 0x5d, 0x20, 0x3d, 0x20, 0x54, 0x45,
  0x58, 0x46, 0x4f, 0x4e, 0x54, 0x53, 0x0a, 0x0a,
  0x09, 0x3b, 0x3b, 0x20, 0x54, 0x79, 0x70, 0x65,
  0x34, 0x32, 0x20, 0x66, 0x6f, 0x6e, 0x74, 0x20,
  0x66, 0x69, 0x6c, 0x65, 0x20, 0x6e, 0x61, 0x6d,
  0x65, 0x20, 0x65, 0x78, 0x74, 0x65, 0x6e, 0x73,
  0x69, 0x6f, 0x6e, 0x73, 0x2e, 0x0a, 0x09, 0x45,
  0x78, 0x74, 0x65, 0x6e, 0x73, 0x69, 0x6f, 0x6e,
  0x73, 0x5b, 0x5d, 0x20, 0x3d, 0x20, 0x2e, 0x74,
  0x34, 0x32, 0x0a, 0x09, 0x45, 0x78, 0x74, 0x65,
  0x6e, 0x73, 0x69, 0x6f, 0x6e, 0x73, 0x5b, 0x5d,
  0x20, 0x3d, 0x20, 0x2e, 0x54, 0x34, 0x32, 0x0a,
  0x0a, 0x5b, 0x43, 0x6f, 0x72, 0x65, 0x2e, 0x46,
  0x69, 0x6c, 0x65, 0x54, 0x79, 0x70, 0x65, 0x73,
  0x2e, 0x76, 0x66, 0x5d, 0x0a, 0x0a, 0x09, 0x3b,
  0x3b, 0x20, 0x53, 0x65, 0x61, 0x72, 0x63, 0x68,
  0x20, 0x70, 0x61, 0x74, 0x68, 0x20, 0x66, 0x6f,
  0x72, 0x20, 0x54, 0x65, 0x58, 0x20, 0x76, 0x69,
  0x72, 0x74, 0x75, 0x61, 0x6c, 0x20, 0x66, 0x6f,
  0x6e, 0x74, 0x20, 0x66, 0x69, 0x6c, 0x65, 0x73,
  0x2e, 0x0a, 0x09, 0x50, 0x61, 0x74, 0x68, 0x73,
  0x5b, 0x5d, 0x20, 0x3d, 0x20, 0x2e, 0x0a, 0x09,
  0x50, 0x61, 0x74, 0x68, 0x73, 0x5b, 0x5d, 0x20,
  0x3d, 0x20, 0x25, 0x52, 0x2f, 0x66, 0x6f, 0x6e,
  0x74, 0x73, 0x2f, 0x76, 0x66, 0x2f, 0x2f, 0x0a,
  0x0a, 0x09, 0x3b, 0x3b, 0x20, 0x45, 0x6e, 0x76,
  0x69, 0x72, 0x6f, 0x6e, 0x6d, 0x65, 0x6e, 0x74,
  0x20, 0x76, 0x61, 0x72, 0x69, 0x61, 0x62, 0x6c,
  0x65, 0x73, 0x20, 0x74, 0x6f, 0x20, 0x62, 0x65,
  0x20, 0x75, 0x73, 0x65, 0x64, 0x20, 0x66, 0x6f,
  0x72, 0x20, 0x73, 0x65, 0x61, 0x72, 0x63, 0x68,
  0x69, 0x6e, 0x67, 0x20, 0x54, 0x65, 0x58, 0x20,
  0x76, 0x69, 0x72, 0x74, 0x75, 0x61, 0x6c, 0x0a,
  0x09, 0x3b, 0x3b, 0x20, 0x66, 0x6f, 0x6e, 0x74,
  0x20, 0x66, 0x69, 0x6c, 0x65, 0x73, 0x2e, 0x0a,
  0x09, 0x45, 0x6e, 0x76, 0x56, 0x61, 0x72, 0x73,
  0x5b, 0x5d, 0x20, 0x3d, 0x20, 0x56, 0x46, 0x46,
  0x4f, 0x4e, 0x54, 0x53, 0x0a, 0x09, 0x45, 0x6e,
  0x76, 0x56, 0x61, 0x72, 0x73, 0x5b, 0x5d, 0x20,
  0x3d, 0x20, 0x54, 0x45, 0x58, 0x46, 0x4f, 0x4e,
  0x54, 0x53, 0x0a, 0x0a, 0x09, 0x3b, 0x3b, 0x20,
  0x54, 0x65, 0x58, 0x20, 0x76, 0x69, 0x72, 0x74,
  0x75, 0x61, 0x6c, 0x20, 0x66, 0x6f, 0x6e, 0x74,
  0x20, 0x66, 0x69, 0x6c, 0x65, 0x20, 0x6e, 0x61,
  0x6d, 0x65, 0x20, 0x65, 0x78, 0x74, 0x65, 0x6e,
  0x73, 0x69, 0x6f, 0x6e, 0x73, 0x2e, 0x0a, 0x09,
  0x45, 0x78, 0x74, 0x65, 0x6e, 0x73, 0x69, 0x6f,
  0x6e, 0x73, 0x5b, 0x5d, 0x20, 0x3d, 0x20, 0x2e,
  0x76, 0x66, 0x0a, 0x0a, 0x5b, 0x43, 0x6f, 0x72,
  0x65, 0x2e, 0x46, 0x69, 0x6c, 0x65, 0x54, 0x79,
  0x70, 0x65, 0x73, 0x2e, 0x77, 0x65, 0x62, 0x32,
  0x63, 0x20, 0x66, 0x69, 0x6c, 0x65, 0x73, 0x5d,
  0x0a, 0x0a, 0x09, 0x3b, 0x3b, 0x20, 0x53, 0x65,
  0x61, 0x72, 0x63, 0x68, 0x20, 0x70, 0x61, 0x74,
  0x68, 0x20, 0x66, 0x6f, 0x72, 0x20, 0x57, 0x65,
  0x62, 0x32, 0x63, 0x20, 0x66, 0x69, 0x6c, 0x65,
  0x73, 0x2e, 0x0a, 0x09, 0x50, 0x61, 0x74, 0x68,
  0x73, 0x5b, 0x5d, 0x20, 0x3d, 0x20, 0x2e, 0x0a,
  0x09, 0x50, 0x61, 0x74, 0x68, 0x73, 0x5b, 0x5d,
  0x20, 0x3d, 0x20, 0x25, 0x52, 0x2f, 0x77, 0x65,
  0x62, 0x32, 0x63, 0x2f, 0x2f, 0x0a, 0x0a, 0x5b,
  0x43, 0x6f, 0x72, 0x65, 0x2e, 0x46, 0x69, 0x6c,
  0x65, 0x54, 0x79, 0x70, 0x65, 0x73, 0x2e, 0x77,
  0x65, 0x62, 0x5d, 0x0a, 0x0a, 0x09, 0x3b, 0x3b,
  0x20, 0x53, 0x65, 0x61, 0x72, 0x63, 0x68, 0x20,
  0x70, 0x61, 0x74, 0x68, 0x20, 0x66, 0x6f, 0x72,
  0x20, 0x57, 0x45, 0x42, 0x20, 0x69, 0x6e, 0x70,
  0x75, 0x74, 0x20, 0x66, 0x69, 0x6c, 0x65, 0x73,
  0x2e, 0x0a, 0x09, 0x50, 0x61, 0x74, 0x68, 0x73,
  0x5b, 0x5d, 0x20, 0x3d, 0x20, 0x2e, 0x0a, 0x09,
  0x50, 0x61, 0x74, 0x68, 0x73, 0x5b, 0x5d, 0x20,
  0x3d, 0x20, 0x25, 0x52, 0x2f, 0x77, 0x65, 0x62,
  0x2f, 0x2f, 0x0a, 0x0a, 0x09, 0x3b, 0x3b, 0x20,
  0x45, 0x6e, 0x76, 0x69, 0x72, 0x6f, 0x6e, 0x6d,
  0x65, 0x6e, 0x74, 0x20, 0x76, 0x61, 0x72, 0x69,
  0x61, 0x62, 0x6c, 0x65, 0x73, 0x20, 0x74, 0x6f,
  0x20, 0x62, 0x65, 0x20, 0x75, 0x73, 0x65, 0x64,
  0x20, 0x66, 0x6f, 0x72, 0x20, 0x73, 0x65, 0x61,
  0x72, 0x63, 0x68, 0x69, 0x6e, 0x67, 0x20, 0x57,
  0x45, 0x42, 0x20, 0x69, 0x6e, 0x70, 0x75, 0x74,
  0x0a, 0x09, 0x3b, 0x3b, 0x20, 0x66, 0x69, 0x6c,
  0x65, 0x73, 0x2e, 0x0a, 0x09, 0x45, 0x6e, 0x76,
  0x56, 0x61, 0x72, 0x73, 0x5b, 0x5d, 0x20, 0x3d,
  0x20, 0x57, 0x45, 0x42, 0x49, 0x4e, 0x50, 0x55,
  0x54, 0x53, 0x0a, 0x0a, 0x09, 0x3b, 0x3b, 0x20,
  0x43, 0x57, 0x65, 0x62, 0x20, 0x66, 0x69, 0x6c,
  0x65, 0x20, 0x6e, 0x61, 0x6d, 0x65, 0x20, 0x65,
  0x78, 0x74, 0x65, 0x6e, 0x73, 0x69, 0x6f, 0x6e,
  0x73, 0x2e, 0x0a, 0x09, 0x45, 0x78, 0x74, 0x65,
  0x6e, 0x73, 0x69, 0x6f, 0x6e, 0x73, 0x5b, 0x5d,
  0x20, 0x3d, 0x20, 0x2e, 0x77, 0x65, 0x62, 0x0a,
  0x0a, 0x5b, 0x4d, 0x61, 0x6b, 0x65, 0x42, 0x61,
  0x73, 0x65, 0x5d, 0x0a, 0x0a, 0x09, 0x3b, 0x3b,
  0x20, 0x44, 0x69, 0x72, 0x65, 0x63, 0x74, 0x6f,
  0x72, 0x79, 0x20, 0x77, 0x68, 0x65, 0x72, 0x65,
  0x20, 0x4d, 0x45, 0x54, 0x41, 0x46, 0x4f, 0x4e,
  0x54, 0x20, 0x73, 0x74, 0x6f, 0x72, 0x65, 0x73,
  0x20, 0x2a, 0x2e, 0x62, 0x61, 0x73, 0x65, 0x20,
  0x66, 0x69, 0x6c, 0x65, 0x73, 0x2e, 0x0a, 0x09,
  0x44, 0x65, 0x73, 0x74, 0x44, 0x69, 0x72, 0x20,
  0x3d, 0x20, 0x25, 0x52, 0x2f, 0x6d, 0x69, 0x6b,
  0x74, 0x65, 0x78, 0x2f, 0x64, 0x61, 0x74, 0x61,
  0x2f, 0x6c, 0x65, 0x0a, 0x0a, 0x5b, 0x4d, 0x61,
  0x6b, 0x65, 0x46, 0x4d, 0x54, 0x5d, 0x0a, 0x0a,
  0x09, 0x3b, 0x3b, 0x20, 0x44, 0x69, 0x72, 0x65,
  0x63, 0x74, 0x6f, 0x72, 0x79, 0x20, 0x77, 0x68,
  0x65, 0x72, 0x65, 0x20, 0x54, 0x65, 0x58, 0x20,
  0x65, 0x6e, 0x67, 0x69, 0x6e, 0x65, 0x73, 0x20,
  0x73, 0x74, 0x6f, 0x72, 0x65, 0x20, 0x2a, 0x2e,
  0x66, 0x6d, 0x74, 0x20, 0x66, 0x69, 0x6c, 0x65,
  0x73, 0x2e, 0x0a, 0x09, 0x44, 0x65, 0x73, 0x74,
  0x44, 0x69, 0x72, 0x20, 0x3d, 0x20, 0x25, 0x52,
  0x2f, 0x6d, 0x69, 0x6b, 0x74, 0x65, 0x78, 0x2f,
  0x64, 0x61, 0x74, 0x61, 0x2f, 0x6c, 0x65, 0x2f,
  0x24, 0x65, 0x6e, 0x67, 0x69, 0x6e, 0x65, 0x0a,
  0x0a, 0x5b, 0x4d, 0x61, 0x6b, 0x65, 0x50, 0x6b,
  0x5d, 0x0a, 0x0a, 0x09, 0x3b, 0x3b, 0x20, 0x44,
  0x69, 0x72, 0x65, 0x63, 0x74, 0x6f, 0x72, 0x79,
  0x20, 0x77, 0x68, 0x65, 0x72, 0x65, 0x20, 0x6d,
  0x61, 0x6b, 0x65, 0x70, 0x6b, 0x20, 0x73, 0x74,
  0x6f, 0x72, 0x65, 0x73, 0x20, 0x2a, 0x2e, 0x70,
  0x6b, 0x20, 0x66, 0x69, 0x6c, 0x65, 0x73, 0x2e,
  0x0a, 0x09, 0x44, 0x65, 0x73, 0x74, 0x44, 0x69,
  0x72, 0x20, 0x3d, 0x20, 0x25, 0x52, 0x2f, 0x66,
  0x6f, 0x6e, 0x74, 0x73, 0x2f, 0x70, 0x6b, 0x2f,
  0x25, 0x6d, 0x2f, 0x25, 0x73, 0x2f, 0x25, 0x74,
  0x2f, 0x64, 0x70, 0x69, 0x25, 0x64, 0x0a, 0x0a,
  0x5b, 0x4d, 0x61, 0x6b, 0x65, 0x54, 0x46, 0x4d,
  0x5d, 0x0a, 0x0a, 0x09, 0x3b, 0x3b, 0x20, 0x44,
  0x69, 0x72, 0x65, 0x63, 0x74, 0x6f, 0x72, 0x79,
  0x20, 0x77, 0x68, 0x65, 0x72, 0x65, 0x20, 0x6d,
  0x61, 0x6b, 0x65, 0x74, 0x66, 0x6d, 0x20, 0x73,
  0x74, 0x6f, 0x72, 0x65, 0x73, 0x20, 0x2a, 0x2e,
  0x74, 0x66, 0x6d, 0x20, 0x66, 0x69, 0x6c, 0x65,
  0x73, 0x2e, 0x0a, 0x09, 0x44, 0x65, 0x73, 0x74,
  0x44, 0x69, 0x72, 0x20, 0x3d, 0x20, 0x25, 0x52,
  0x2f, 0x66, 0x6f, 0x6e, 0x74, 0x73, 0x2f, 0x74,
  0x66, 0x6d, 0x2f, 0x25, 0x73, 0x2f, 0x25, 0x74,
  0x0a, 0x0a, 0x5b, 0x4d, 0x50, 0x4d, 0x5d, 0x0a,
  0x0a, 0x09, 0x3b, 0x3b, 0x20, 0x49, 0x6e, 0x73,
  0x74, 0x61, 0x6c, 0x6c, 0x20, 0x70, 0x61, 0x63,
  0x6b, 0x61, 0x67, 0x65, 0x73, 0x20, 0x66, 0x6f,
  0x72, 0x20, 0x61, 0x6c, 0x6c, 0x20, 0x75, 0x73,
  0x65, 0x72, 0x73, 0x2e, 0x0a, 0x09, 0x41, 0x75,
  0x74, 0x6f, 0x41, 0x64, 0x6d, 0x69, 0x6e, 0x20,
  0x3d, 0x20, 0x3f, 0x0a, 0x0a, 0x09, 0x3b, 0x3b,
  0x20, 0x49, 0x6e, 0x73, 0x74, 0x61, 0x6c, 0x6c,
  0x20, 0x6d, 0x69, 0x73, 0x73, 0x69, 0x6e, 0x67,
  0x20, 0x70, 0x61, 0x63, 0x6b, 0x61, 0x67, 0x65,
  0x73, 0x20, 0x61, 0x75, 0x74, 0x6f, 0x6d, 0x61,
  0x74, 0x69, 0x63, 0x61, 0x6c, 0x6c, 0x79, 0x20,
  0x28, 0x6f, 0x6e, 0x2d, 0x74, 0x68, 0x65, 0x2d,
  0x66, 0x6c, 0x79, 0x29, 0x2e, 0x0a, 0x09, 0x41,
  0x75, 0x74, 0x6f, 0x49, 0x6e, 0x73, 0x74, 0x61,
  0x6c, 0x6c, 0x20, 0x3d, 0x20, 0x3f, 0x0a, 0x0a,
  0x09, 0x3b, 0x3b, 0x20, 0x44, 0x65, 0x70, 0x72,
  0x65, 0x63, 0x61, 0x74, 0x65, 0x64, 0x2e, 0x0a,
  0x09, 0x46, 0x6f, 0x72, 0x63, 0x65, 0x4c, 0x6f,
  0x63, 0x61, 0x6c, 0x53, 0x65, 0x72, 0x76, 0x65,
  0x72, 0x20, 0x3d, 0x20, 0x66, 0x0a, 0x0a, 0x09,
  0x3b, 0x3b, 0x20, 0x4c, 0x6f, 0x63, 0x61, 0x6c,
  0x20, 0x70, 0x61, 0x63, 0x6b, 0x61, 0x67, 0x65,
  0x20, 0x72, 0x65, 0x70, 0x6f, 0x73, 0x69, 0x74,
  0x6f, 0x72, 0x79, 0x20, 0x70, 0x61, 0x74, 0x68,
  0x2e, 0x0a, 0x09, 0x3b, 0x4c, 0x6f, 0x63, 0x61,
  0x6c, 0x52, 0x65, 0x70, 0x6f, 0x73, 0x69, 0x74,
  0x6f, 0x72, 0x79, 0x20, 0x3d, 0x20, 0x0a, 0x0a,
  0x09, 0x3b, 0x3b, 0x20, 0x44, 0x65, 0x70, 0x72,
  0x65, 0x63, 0x61, 0x74, 0x65, 0x64, 0x2e, 0x0a,
  0x09, 0x3b, 0x4d, 0x69, 0x4b, 0x54, 0x65, 0x58,
  0x44, 0x69, 0x72, 0x65, 0x63, 0x74, 0x52, 0x6f,
  0x6f, 0x74, 0x20, 0x3d, 0x0a, 0x0a, 0x09, 0x3b,
  0x3b, 0x20, 0x49, 0x6e, 0x64, 0x69, 0x63, 0x61,
  0x74, 0x65, 0x73, 0x20, 0x77, 0x68, 0x65, 0x74,
  0x68, 0x65, 0x72, 0x20, 0x70, 0x72, 0x6f, 0x78,
  0x79, 0x20, 0x61, 0x75, 0x74, 0x68, 0x65, 0x6e,
  0x74, 0x69, 0x63, 0x61, 0x74, 0x69, 0x6f, 0x6e,
  0x20, 0x69, 0x73, 0x20, 0x72, 0x65, 0x71, 0x75,
  0x69, 0x72, 0x65, 0x64, 0x2e, 0x0a, 0x09, 0x50,
  0x72, 0x6f, 0x78, 0x79, 0x41, 0x75, 0x74, 0x68,
  0x52, 0x65, 0x71, 0x20, 0x3d, 0x20, 0x66, 0x0a,
  0x0a, 0x09, 0x3b, 0x3b, 0x20, 0x50, 0x72, 0x6f,
  0x78, 0x79, 0x20, 0x68, 0x6f, 0x73, 0x74, 0x20,
  0x61, 0x64, 0x64, 0x72, 0x65, 0x73, 0x73, 0x2e,
  0x0a, 0x09, 0x50, 0x72, 0x6f, 0x78, 0x79, 0x48,
  0x6f, 0x73, 0x74, 0x20, 0x3d, 0x0a, 0x0a, 0x09,
  0x3b, 0x3b, 0x20, 0x50, 0x72, 0x6f, 0x78, 0x79,
  0x20, 0x68, 0x6f, 0x73, 0x74, 0x20, 0x70, 0x6f,
  0x72, 0x74, 0x2e, 0x0a, 0x09, 0x50, 0x72, 0x6f,
  0x78, 0x79, 0x50, 0x6f, 0x72, 0x74, 0x20, 0x3d,
  0x20, 0x38, 0x30, 0x38, 0x30, 0x0a, 0x0a, 0x09,
  0x3b, 0x3b, 0x20, 0x52, 0x65, 0x6d, 0x6f, 0x74,
  0x65, 0x20, 0x70, 0x61, 0x63, 0x6b, 0x61, 0x67,
  0x65, 0x20, 0x72, 0x65, 0x70, 0x6f, 0x73, 0x69,
  0x74, 0x6f, 0x72, 0x79, 0x20, 0x55, 0x52, 0x4c,
  0x2e, 0x20, 0x50, 0x69, 0x63, 0x6b, 0x20, 0x61,
  0x20, 0x72, 0x61, 0x6e, 0x64, 0x6f, 0x6d, 0x20,
  0x55, 0x52, 0x4c, 0x2c, 0x20, 0x69, 0x66, 0x20,
  0x65, 0x6d, 0x70, 0x74, 0x79, 0x2e, 0x0a, 0x09,
  0x52, 0x65, 0x6d, 0x6f, 0x74, 0x65, 0x52, 0x65,
  0x70, 0x6f, 0x73, 0x69, 0x74, 0x6f, 0x72, 0x79,
  0x20, 0x3d, 0x20, 0x0a, 0x0a, 0x09, 0x3b, 0x3b,
  0x20, 0x54, 0x68, 0x65, 0x20, 0x4d, 0x69, 0x4b,
  0x54, 0x65, 0x58, 0x20, 0x41, 0x50, 0x49, 0x20,
  0x65, 0x6e, 0x64, 0x70, 0x6f, 0x69, 0x6e, 0x74,
  0x2e, 0x0a, 0x09, 0x52, 0x65, 0x6d, 0x6f, 0x74,
  0x65, 0x53, 0x65, 0x72, 0x76, 0x69, 0x63, 0x65,
  0x5f, 0x34, 0x37, 0x32, 0x37, 0x20, 0x3d, 0x20,
  0x68, 0x74, 0x74, 0x70, 0x73, 0x3a, 0x2f, 0x2f,
  0x61, 0x70, 0x69, 0x32, 0x2e, 0x6d, 0x69, 0x6b,
  0x74, 0x65, 0x78, 0x2e, 0x6f, 0x72, 0x67, 0x2f,
  0x0a, 0x09, 0x0a, 0x09, 0x3b, 0x3b, 0x20, 0x50,
  0x61, 0x63, 0x6b, 0x61, 0x67, 0x65, 0x20, 0x73,
  0x74, 0x72, 0x65, 0x61, 0x6d, 0x2e, 0x20, 0x4f,
  0x6e, 0x65, 0x20, 0x6f, 0x66, 0x3a, 0x20, 0x73,
  0x74, 0x61, 0x62, 0x6c, 0x65, 0x2c, 0x20, 0x6e,
  0x65, 0x78, 0x74, 0x2e, 0x0a, 0x09, 0x52, 0x65,
  0x70, 0x6f, 0x73, 0x69, 0x74, 0x6f, 0x72, 0x79,
  0x52, 0x65, 0x6c, 0x65, 0x61, 0x73, 0x65, 0x53,
  0x74, 0x61, 0x74, 0x65, 0x20, 0x3d, 0x20, 0x73,
  0x74, 0x61, 0x62, 0x6c, 0x65, 0x0a, 0x0a, 0x09,
  0x3b, 0x3b, 0x20, 0x54, 0x79, 0x70, 0x65, 0x20,
  0x6f, 0x66, 0x20, 0x74, 0x68, 0x65, 0x20, 0x70,
  0x61, 0x63, 0x6b, 0x61, 0x67, 0x65, 0x20, 0x72,
  0x65, 0x70, 0x6f, 0x73, 0x69, 0x74, 0x6f, 0x72,
  0x79, 0x2e, 0x20, 0x4f, 0x6e, 0x65, 0x20, 0x6f,
  0x66, 0x3a, 0x20, 0x72, 0x65, 0x6d, 0x6f, 0x74,
  0x65, 0x2c, 0x20, 0x6c, 0x6f, 0x63, 0x61, 0x6c,
  0x2e, 0x0a, 0x09, 0x52, 0x65, 0x70, 0x6f, 0x73,
  0x69, 0x74, 0x6f, 0x72, 0x79, 0x54, 0x79, 0x70,
  0x65, 0x20, 0x3d, 0x20, 0x72, 0x65, 0x6d, 0x6f,
  0x74, 0x65, 0x0a, 0x0a, 0x09, 0x3b, 0x3b, 0x20,
  0x49, 0x6e, 0x64, 0x69, 0x63, 0x61, 0x74, 0x65,
  0x73, 0x20, 0x77, 0x68, 0x65, 0x74, 0x68, 0x65,
  0x72, 0x20, 0x61, 0x20, 0x70, 0x72, 0x6f, 0x78,
  0x79, 0x20, 0x69, 0x73, 0x20, 0x63, 0x6f, 0x6e,
  0x66, 0x69, 0x67, 0x75, 0x72, 0x65, 0x64, 0x2e,
  0x0a, 0x09, 0x55, 0x73, 0x65, 0x50, 0x72, 0x6f,
  0x78, 0x79, 0x20, 0x3d, 0x20, 0x66, 0x0a, 0x0a,
  0x5b, 0x53, 0x65, 0x74, 0x75, 0x70, 0x5d, 0x0a,
  0x0a, 0x09, 0x3b, 0x3b, 0x20, 0x4c, 0x61, 0x73,
  0x74, 0x20, 0x74, 0x69, 0x6d, 0x65, 0x20, 0x28,
  0x61, 0x20, 0x74, 0x69, 0x6d, 0x65, 0x5f, 0x74,
  0x20, 0x76, 0x61, 0x6c, 0x75, 0x65, 0x29, 0x20,
  0x61, 0x20, 0x4d, 0x69, 0x4b, 0x54, 0x65, 0x58,
  0x20, 0x61, 0x64, 0x6d, 0x69, 0x6e, 0x69, 0x73,
  0x74, 0x72, 0x61, 0x74, 0x6f, 0x72, 0x20, 0x68,
  0x61, 0x73, 0x20, 0x63, 0x68, 0x65, 0x63, 0x6b,
  0x65, 0x64, 0x20, 0x66, 0x6f, 0x72, 0x20, 0x73,
  0x79, 0x73, 0x74, 0x65, 0x6d, 0x2d, 0x77, 0x69,
  0x64, 0x65, 0x20, 0x69, 0x73, 0x73, 0x75, 0x65,
  0x73, 0x2e, 0x0a, 0x09, 0x3b, 0x4c, 0x61, 0x73,
  0x74, 0x41, 0x64, 0x6d, 0x69, 0x6e, 0x44, 0x69,
  0x61, 0x67, 0x6e, 0x6f, 0x73, 0x65, 0x20, 0x3d,
  0x0a, 0x0a, 0x09, 0x3b, 0x3b, 0x20, 0x4c, 0x61,
  0x73, 0x74, 0x20, 0x74, 0x69, 0x6d, 0x65, 0x20,
  0x28, 0x61, 0x20, 0x74, 0x69, 0x6d, 0x65, 0x5f,
  0x74, 0x20, 0x76, 0x61, 0x6c, 0x75, 0x65, 0x29,
  0x20, 0x61, 0x20, 0x4d, 0x69, 0x4b, 0x54, 0x65,
  0x58, 0x20, 0x61, 0x64, 0x6d, 0x69, 0x6e, 0x69,
  0x73, 0x74, 0x72, 0x61, 0x74, 0x6f, 0x72, 0x20,
  0x63, 0x68, 0x61, 0x6e, 0x67, 0x65, 0x64, 0x20,
  0x74, 0x68, 0x65, 0x20, 0x73, 0x79, 0x73, 0x74,
  0x65, 0x6d, 0x2d, 0x77, 0x69, 0x64, 0x65, 0x20,
  0x63, 0x6f, 0x6e, 0x66, 0x69, 0x67, 0x75, 0x72,
  0x61, 0x74, 0x69, 0x6f, 0x6e, 0x2e, 0x0a, 0x09,
  0x3b, 0x4c, 0x61, 0x73, 0x74, 0x41, 0x64, 0x6d,
  0x69, 0x6e, 0x4d, 0x61, 0x69, 0x6e, 0x74, 0x65,
  0x6e, 0x61, 0x6e, 0x63, 0x65, 0x20, 0x3d, 0x0a,
  0x0a, 0x09, 0x3b, 0x3b, 0x20, 0x4c, 0x61, 0x73,
  0x74, 0x20, 0x74, 0x69, 0x6d, 0x65, 0x20, 0x28,
  0x61, 0x20, 0x74, 0x69, 0x6d, 0x65, 0x5f, 0x74,
  0x20, 0x76, 0x61, 0x6c, 0x75, 0x65, 0x29, 0x20,
  0x61, 0x20, 0x4d, 0x69, 0x4b, 0x54, 0x65, 0x58,
  0x20, 0x61, 0x64, 0x6d, 0x69, 0x6e, 0x69, 0x73,
  0x74, 0x72, 0x61, 0x74, 0x6f, 0x72, 0x20, 0x68,
  0x61, 0x73, 0x20, 0x69, 0x6e, 0x73, 0x74, 0x61,
  0x6c, 0x6c, 0x65, 0x64, 0x20, 0x73, 0x79, 0x73,
  0x74, 0x65, 0x6d, 0x2d, 0x77, 0x69, 0x64, 0x65,
  0x20, 0x75, 0x70, 0x64, 0x61, 0x74, 0x65, 0x73,
  0x2e, 0x0a, 0x09, 0x3b, 0x4c, 0x61, 0x73, 0x74,
  0x41, 0x64, 0x6d, 0x69, 0x6e, 0x55, 0x70, 0x64,
  0x61, 0x74, 0x65, 0x20, 0x3d, 0x0a, 0x0a, 0x09,
  0x3b, 0x3b, 0x20, 0x4c, 0x61, 0x73, 0x74, 0x20,
  0x74, 0x69, 0x6d, 0x65, 0x20, 0x28, 0x61, 0x20,
  0x74, 0x69, 0x6d, 0x65, 0x5f, 0x74, 0x20, 0x76,
  0x61, 0x6c, 0x75, 0x65, 0x29, 0x20, 0x61, 0x20,
  0x4d, 0x69, 0x4b, 0x54, 0x65, 0x58, 0x20, 0x61,
  0x64, 0x6d, 0x69, 0x6e, 0x69, 0x73, 0x74, 0x72,
  0x61, 0x74, 0x6f, 0x72, 0x20, 0x68, 0x61, 0x73,
  0x20, 0x63, 0x68, 0x65, 0x63, 0x6b, 0x65, 0x64,
  0x20, 0x66, 0x6f, 0x72, 0x20, 0x73, 0x79, 0x73,
  0x74, 0x65, 0x6d, 0x2d, 0x77, 0x69, 0x64, 0x65,
  0x20, 0x75, 0x70, 0x64, 0x61, 0x74, 0x65, 0x73,
  0x2e, 0x0a, 0x09, 0x3b, 0x4c, 0x61, 0x73, 0x74,
  0x41, 0x64, 0x6d, 0x69, 0x6e, 0x55, 0x70, 0x64,
  0x61, 0x74, 0x65, 0x43, 0x68, 0x65, 0x63, 0x6b,
  0x20, 0x3d, 0x0a, 0x0a, 0x09, 0x3b, 0x3b, 0x20,
  0x4c, 0x61, 0x73, 0x74, 0x20, 0x74, 0x69, 0x6d,
  0x65, 0x20, 0x28, 0x61, 0x20, 0x74, 0x69, 0x6d,
  0x65, 0x5f, 0x74, 0x20, 0x76, 0x61, 0x6c, 0x75,
  0x65, 0x29, 0x20, 0x61, 0x20, 0x4d, 0x69, 0x4b,
  0x54, 0x65, 0x58, 0x20, 0x61, 0x64, 0x6d, 0x69,
  0x6e, 0x69, 0x73, 0x74, 0x72, 0x61, 0x74, 0x6f,
  0x72, 0x20, 0x68, 0x61, 0x73, 0x20, 0x75, 0x70,
  0x64, 0x61, 0x74, 0x65, 0x64, 0x20, 0x74, 0x68,
  0x65, 0x20, 0x73, 0x79, 0x73, 0x74, 0x65, 0x6d,
  0x2d, 0x77, 0x69, 0x64, 0x65, 0x20, 0x70, 0x61,
  0x63, 0x6b, 0x61, 0x67, 0x65, 0x20, 0x64, 0x61,
  0x74, 0x61, 0x62, 0x61, 0x73, 0x65, 0x2e, 0x0a,
  0x09, 0x3b, 0x4c, 0x61, 0x73, 0x74, 0x41, 0x64,
  0x6d, 0x69, 0x6e, 0x55, 0x70, 0x64, 0x61, 0x74,
  0x65, 0x44, 0x62, 0x20, 0x3d, 0x0a, 0x0a, 0x09,
  0x3b, 0x3b, 0x20, 0x4c, 0x61, 0x73, 0x74, 0x20,
  0x74, 0x69, 0x6d, 0x65, 0x20, 0x28, 0x61, 0x20,
  0x74, 0x69, 0x6d, 0x65, 0x5f, 0x74, 0x20, 0x76,
  0x61, 0x6c, 0x75, 0x65, 0x29, 0x20, 0x74, 0x68,
  0x65, 0x20, 0x63, 0x75, 0x72, 0x72, 0x65, 0x6e,
  0x74, 0x20, 0x4d, 0x69, 0x4b, 0x54, 0x65, 0x58,
  0x20, 0x75, 0x73, 0x65, 0x72, 0x20, 0x68, 0x61,
  0x73, 0x20, 0x63, 0x68, 0x65, 0x63, 0x6b, 0x65,
  0x64, 0x20, 0x66, 0x6f, 0x72, 0x20, 0x69, 0x73,
  0x73, 0x75, 0x65, 0x73, 0x2e, 0x0a, 0x09, 0x3b,
  0x4c, 0x61, 0x73, 0x74, 0x55, 0x73, 0x65, 0x72,
  0x44, 0x69, 0x61, 0x67, 0x6e, 0x6f, 0x73, 0x65,
  0x20, 0x3d, 0x0a, 0x0a, 0x09, 0x3b, 0x3b, 0x20,
  0x4c, 0x61, 0x73, 0x74, 0x20, 0x74, 0x69, 0x6d,
  0x65, 0x20, 0x28, 0x61, 0x20, 0x74, 0x69, 0x6d,
  0x65, 0x5f, 0x74, 0x20, 0x76, 0x61, 0x6c, 0x75,
  0x65, 0x29, 0x20, 0x74, 0x68, 0x65, 0x20, 0x63,
  0x75, 0x72, 0x72, 0x65, 0x6e, 0x74, 0x20, 0x4d,
  0x69, 0x4b, 0x54, 0x65, 0x58, 0x20, 0x75, 0x73,
  0x65, 0x72, 0x20, 0x63, 0x68, 0x61, 0x6e, 0x67,
  0x65, 0x64, 0x20, 0x74, 0x68, 0x65, 0x20, 0x63,
  0x6f, 0x6e, 0x66, 0x69, 0x67, 0x75, 0x72, 0x61,
  0x74, 0x69, 0x6f, 0x6e, 0x2e, 0x0a, 0x09, 0x3b,
  0x4c, 0x61, 0x73, 0x74, 0x55, 0x73, 0x65, 0x72,
  0x4d, 0x61, 0x69, 0x6e, 0x74, 0x65, 0x6e, 0x61,
  0x6e, 0x63, 0x65, 0x20, 0x3d, 0x0a, 0x0a, 0x09,
  0x3b, 0x3b, 0x20, 0x4c, 0x61, 0x73, 0x74, 0x20,
  0x74, 0x69, 0x6d, 0x65, 0x20, 0x28, 0x61, 0x20,
  0x74, 0x69, 0x6d, 0x65, 0x5f, 0x74, 0x20, 0x76,
  0x61, 0x6c, 0x75, 0x65, 0x29, 0x20, 0x74, 0x68,
  0x65, 0x20, 0x63, 0x75, 0x72, 0x72, 0x65, 0x6e,
  0x74, 0x20, 0x4d, 0x69, 0x4b, 0x54, 0x65, 0x58,
  0x20, 0x75, 0x73, 0x65, 0x72, 0x20, 0x68, 0x61,
  0x73, 0x20, 0x69, 0x6e, 0x73, 0x74, 0x61, 0x6c,
  0x6c, 0x65, 0x64, 0x20, 0x75, 0x70, 0x64, 0x61,
  0x74, 0x65, 0x73, 0x2e, 0x0a, 0x09, 0x3b, 0x4c,
  0x61, 0x73, 0x74, 0x55, 0x73, 0x65, 0x72, 0x55,
  0x70, 0x64, 0x61, 0x74, 0x65, 0x20, 0x3d, 0x0a,
  0x0a, 0x09, 0x3b, 0x3b, 0x20, 0x4c, 0x61, 0x73,
  0x74, 0x20, 0x74, 0x69, 0x6d, 0x65, 0x20, 0x28,
  0x61, 0x20, 0x74, 0x69, 0x6d, 0x65, 0x5f, 0x74,
  0x20, 0x76, 0x61, 0x6c, 0x75, 0x65, 0x29, 0x20,
  0x74, 0x68, 0x65, 0x20, 0x63, 0x75, 0x72, 0x72,
  0x65, 0x6e, 0x74, 0x20, 0x4d, 0x69, 0x4b, 0x54,
  0x65, 0x58, 0x20, 0x75, 0x73, 0x65, 0x72, 0x20,
  0x68, 0x61, 0x73, 0x20, 0x63, 0x68, 0x65, 0x63,
  0x6b, 0x65, 0x64, 0x20, 0x66, 0x6f, 0x72, 0x20,
  0x75, 0x70, 0x64, 0x61, 0x74, 0x65, 0x73, 0x2e,
  0x0a, 0x09, 0x3b, 0x4c, 0x61, 0x73, 0x74, 0x55,
  0x73, 0x65, 0x72, 0x55, 0x70, 0x64, 0x61, 0x74,
  0x65, 0x43, 0x68, 0x65, 0x63, 0x6b, 0x20, 0x3d,
  0x0a, 0x0a, 0x09, 0x3b, 0x3b, 0x20, 0x4c, 0x61,
  0x73, 0x74, 0x20, 0x74, 0x69, 0x6d, 0x65, 0x20,
  0x28, 0x61, 0x20, 0x74, 0x69, 0x6d, 0x65, 0x5f,
  0x74, 0x20, 0x76, 0x61, 0x6c, 0x75, 0x65, 0x29,
  0x20, 0x74, 0x68, 0x65, 0x20, 0x63, 0x75, 0x72,
  0x72, 0x65, 0x6e, 0x74, 0x20, 0x4d, 0x69, 0x4b,
  0x54, 0x65, 0x58, 0x20, 0x75, 0x73, 0x65, 0x72,
  0x20, 0x68, 0x61, 0x73, 0x20, 0x75, 0x70, 0x64,
  0x61, 0x74, 0x65, 0x64, 0x20, 0x74, 0x68, 0x65,
  0x20, 0x70, 0x61, 0x63, 0x6b, 0x61, 0x67, 0x65,
  0x20, 0x64, 0x61, 0x74, 0x61, 0x62, 0x61, 0x73,
  0x65, 0x2e, 0x0a, 0x09, 0x3b, 0x4c, 0x61, 0x73,
  0x74, 0x55, 0x73, 0x65, 0x72, 0x55, 0x70, 0x64,
  0x61, 0x74, 0x65, 0x44, 0x62, 0x20, 0x3d, 0x0a,
  0x0a, 0x0a, 0x5b, 0x54, 0x65, 0x58, 0x61, 0x6e,
  0x64, 0x46, 0x72, 0x69, 0x65, 0x6e, 0x64, 0x73,
  0x5d, 0x0a, 0x0a, 0x09, 0x3b, 0x3b, 0x20, 0x43,
  0x72, 0x65, 0x61, 0x74, 0x65, 0x20, 0x61, 0x75,
  0x78, 0x69, 0x6c, 0x69, 0x61, 0x72, 0x79, 0x20,
  0x64, 0x69, 0x72, 0x65, 0x63, 0x74, 0x6f, 0x72,
  0x79, 0x20, 0x69, 0x66, 0x20, 0x27, 0x2d, 0x2d,
  0x61, 0x75, 0x78, 0x2d, 0x64, 0x69, 0x72, 0x65,
  0x63, 0x74, 0x6f, 0x72, 0x79, 0x3d, 0x44, 0x49,
  0x52, 0x27, 0x20, 0x72, 0x65, 0x66, 0x65, 0x72,
  0x73, 0x0a, 0x09, 0x3b, 0x3b, 0x20, 0x74, 0x6f,
  0x20, 0x61, 0x20, 0x6e, 0x6f, 0x6e, 0x2d, 0x65,
  0x78, 0x69, 0x73, 0x74, 0x69, 0x6e, 0x67, 0x20,
  0x64, 0x69, 0x72, 0x65, 0x63, 0x74, 0x6f, 0x72,
  0x79, 0x2e, 0x0a, 0x09, 0x43, 0x72, 0x65, 0x61,
  0x74, 0x65, 0x41, 0x75, 0x78, 0x44, 0x69, 0x72,
  0x65, 0x63, 0x74, 0x6f, 0x72, 0x79, 0x20, 0x3d,
  0x20, 0x74, 0x0a, 0x0a, 0x09, 0x3b, 0x3b, 0x20,
  0x43, 0x72, 0x65, 0x61, 0x74, 0x65, 0x20, 0x74,
  0x68, 0x65, 0x20, 0x6f, 0x75, 0x74, 0x70, 0x75,
  0x74, 0x20, 0x64, 0x69, 0x72, 0x65, 0x63, 0x74,
  0x6f, 0x72, 0x79, 0x20, 0x69, 0x66, 0x20, 0x27,
  0x2d, 0x2d, 0x6f, 0x75, 0x74, 0x70, 0x75, 0x74,
  0x2d, 0x64, 0x69, 0x72, 0x65, 0x63, 0x74, 0x6f,
  0x72, 0x79, 0x3d, 0x44, 0x49, 0x52, 0x27, 0x0a,
  0x09, 0x3b, 0x3b, 0x20, 0x72, 0x65, 0x66, 0x65,
  0x72, 0x73, 0x20, 0x74, 0x6f, 0x20, 0x61, 0x20,
  0x6e, 0x6f, 0x6e, 0x2d, 0x65, 0x78, 0x69, 0x73,
  0x74, 0x69, 0x6e, 0x67, 0x20, 0x64, 0x69, 0x72,
  0x65, 0x63, 0x74, 0x6f, 0x72, 0x79, 0x2e, 0x0a,
  0x09, 0x43, 0x72, 0x65, 0x61, 0x74, 0x65, 0x4f,
  0x75, 0x74, 0x70, 0x75, 0x74, 0x44, 0x69, 0x72,
  0x65, 0x63, 0x74, 0x6f, 0x72, 0x79, 0x20, 0x3d,
  0x20, 0x74, 0x0a, 0x0a, 0x09, 0x3b, 0x3b, 0x20,
  0x45, 0x6e, 0x61, 0x62, 0x6c, 0x65, 0x20, 0x66,
  0x69, 0x6c, 0x65, 0x3a, 0x6c, 0x69, 0x6e, 0x65,
  0x3a, 0x65, 0x72, 0x72, 0x6f, 0x72, 0x20, 0x73,
  0x74, 0x79, 0x6c, 0x65, 0x20, 0x6d, 0x65, 0x73,
  0x73, 0x61, 0x67, 0x65, 0x73, 0x2e, 0x0a, 0x09,
  0x43, 0x53, 0x74, 0x79, 0x6c, 0x65, 0x45, 0x72,
  0x72, 0x6f, 0x72, 0x73, 0x20, 0x3d, 0x20, 0x66,
  0x0a, 0x0a, 0x09, 0x3b, 0x3b, 0x20, 0x44, 0x65,
  0x70, 0x72, 0x65, 0x63, 0x61, 0x74, 0x65, 0x64,
  0x2e, 0x0a, 0x09, 0x3b, 0x50, 0x61, 0x72, 0x73,
  0x65, 0x46, 0x69, 0x72, 0x73, 0x74, 0x4c, 0x69,
  0x6e, 0x65, 0x20, 0x3d, 0x0a, 0x0a, 0x09, 0x3b,
  0x3b, 0x20, 0x49, 0x6e, 0x64, 0x69, 0x63, 0x61,
  0x74, 0x65, 0x73, 0x20, 0x77, 0x68, 0x65, 0x74,
  0x68, 0x65, 0x72, 0x20, 0x66, 0x6f, 0x72, 0x6d,
  0x61, 0x74, 0x20, 0x66, 0x69, 0x6c, 0x65, 0x73,
  0x20, 0x28, 0x2a, 0x2e, 0x66, 0x6d, 0x74, 0x29,
  0x20, 0x77, 0x69, 0x6c, 0x6c, 0x20, 0x62, 0x65,
  0x20, 0x61, 0x75, 0x74, 0x6f, 0x6d, 0x61, 0x74,
  0x69, 0x63, 0x61, 0x6c, 0x6c, 0x79, 0x20, 0x72,
  0x65, 0x6e, 0x65, 0x77, 0x65, 0x64, 0x2e, 0x0a,
  0x09, 0x52, 0x65, 0x6e, 0x65, 0x77, 0x46, 0x6f,
  0x72, 0x6d, 0x61, 0x74, 0x73, 0x4f, 0x6e, 0x55,
  0x70, 0x64, 0x61, 0x74, 0x65, 0x20, 0x3d, 0x20,
  0x74, 0x0a, 0x0a, 0x5b, 0x54, 0x65, 0x58, 0x6a,
  0x70, 0x5d, 0x0a, 0x0a, 0x09, 0x3b, 0x3b, 0x20,
  0x49, 0x6e, 0x64, 0x69, 0x63, 0x61, 0x74, 0x65,
  0x73, 0x20, 0x77, 0x68, 0x65, 0x74, 0x68, 0x65,
  0x72, 0x20, 0x69, 0x6e, 0x70, 0x75, 0x74, 0x20,
  0x66, 0x69, 0x6c, 0x65, 0x20, 0x65, 0x6e, 0x63,
  0x6f, 0x64, 0x69, 0x6e, 0x67, 0x73, 0x20, 0x61,
  0x72, 0x65, 0x20, 0x67, 0x75, 0x65, 0x73, 0x73,
  0x65, 0x64, 0x2e, 0x0a, 0x09, 0x47, 0x75, 0x65,
  0x73, 0x73, 0x49, 0x6e, 0x70, 0x75, 0x74, 0x4b,
  0x61, 0x6e, 0x6a, 0x69, 0x45, 0x6e, 0x63, 0x6f,
  0x64, 0x69, 0x6e, 0x67, 0x20, 0x3d, 0x20, 0x74,
  0x0a,
};
